intersect_bp,f_orig_query,f_match,f_unique_to_query,f_unique_weighted,average_abund,median_abund,std_abund,filename,name,md5,f_match_orig,unique_intersect_bp,gather_result_rank,remaining_bp,query_filename,query_name,query_md5,query_bp,ksize,moltype,scaled,query_n_hashes,query_abundance,query_containment_ani,match_containment_ani,average_containment_ani,max_containment_ani,potential_false_negative,n_unique_weighted_found,sum_weighted_found,total_weighted_hashes
4969000,0.005910142990016152,0.7103645461043603,0.005910142990016152,0.07720368883713576,17.786073656671363,18.0,5.528418618048922,/home/users/t/trickovi/scratch/sourmash/sourmash-hash-manipulation-21/51_1000_union/specific_hashomes.sbt.zip,2289001001,00c899856b2f8aa1a979a44625b52d55,0.7103645461043603,4969000,0,102885000,output/trimmed_reads/sample0/sample0_R2.fastq.gz,sample0,0155d648,840758000,51,DNA,1000,840758,True,0.9042860743083839,0.993316999955046,0.9488015371317149,0.993316999955046,False,88379,88379,1144751
4809000,0.005719838526662845,0.8002676480428237,0.005690103454263891,0.018143683648234418,4.341555183946488,4.0,2.1957839480741916,/home/users/t/trickovi/scratch/sourmash/sourmash-hash-manipulation-21/51_1000_union/specific_hashomes.sbt.zip,2919001001,11150fc6b260b50659f00f9fd1535dad,0.8044496487119438,4784000,1,98101000,output/trimmed_reads/sample0/sample0_R2.fastq.gz,sample0,0155d648,840758000,51,DNA,1000,840758,True,0.9037059313426445,0.9957424831189117,0.9497242072307781,0.9957424831189117,False,20770,109149,1144751
3899000,0.004637481891340909,0.6096340319049108,0.0046362924884449505,0.007472367353249746,2.194458696767573,2.0,1.2436189419671289,/home/users/t/trickovi/scratch/sourmash/sourmash-hash-manipulation-21/51_1000_union/specific_hashomes.sbt.zip,4993001002,321a2daa55f086afbdb403e3f82d5948,0.6097904285267438,3898000,2,94203000,output/trimmed_reads/sample0/sample0_R2.fastq.gz,sample0,0155d648,840758000,51,DNA,1000,840758,True,0.8999965154654653,0.9903480595234103,0.9451722874944378,0.9903480595234103,False,8554,117703,1144751
3839000,0.004566117717583419,0.7477055262644015,0.004554223688623837,0.015431303401351036,4.613476103421259,4.0,2.1307450190334047,/home/users/t/trickovi/scratch/sourmash/sourmash-hash-manipulation-21/51_1000_union/specific_hashomes.sbt.zip,2047001001,1cd8d839e20a2e62c011173fbd656c5b,0.7496582698691662,3829000,3,90374000,output/trimmed_reads/sample0/sample0_R2.fastq.gz,sample0,0155d648,840758000,51,DNA,1000,840758,True,0.899722884118931,0.9943661687790543,0.9470445264489926,0.9943661687790543,False,17665,135368,1144751
3701000,0.004401980117941191,0.887104506232023,0.004401980117941191,0.03829479074488688,11.844906781950824,12.0,5.711211320326967,/home/users/t/trickovi/scratch/sourmash/sourmash-hash-manipulation-21/51_1000_union/specific_hashomes.sbt.zip,1839001001,d959f8a1f804066b5bfb2ceb42542c36,0.887104506232023,3701000,4,86673000,output/trimmed_reads/sample0/sample0_R2.fastq.gz,sample0,0155d648,840758000,51,DNA,1000,840758,True,0.8990772760296519,0.9976538842116893,0.9483655801206706,0.9976538842116893,False,43838,179206,1144751
3566000,0.004241410726986838,0.38847809292572566,0.004186698193772763,0.004669137655263022,1.5184659090909092,1.0,0.7863898589131515,/home/users/t/trickovi/scratch/sourmash/sourmash-hash-manipulation-21/51_1000_union/specific_hashomes.sbt.zip,1855001001,24319b441ce6db98ccaf5c50b754d6e2,0.39355479527645953,3520000,5,83153000,output/trimmed_reads/sample0/sample0_R2.fastq.gz,sample0,0155d648,840758000,51,DNA,1000,840758,True,0.8984224480728685,0.9818811569297519,0.9401518025013103,0.9818811569297519,False,5345,184551,1144751
3423000,0.00407132611286482,0.9982502187226596,0.00407132611286482,0.017329532797962177,5.7955010224948875,6.0,2.4984278267612683,/home/users/t/trickovi/scratch/sourmash/sourmash-hash-manipulation-21/51_1000_union/specific_hashomes.sbt.zip,3513001001,a541df4819cf4c297b903f2532237add,0.9982502187226596,3423000,6,79730000,output/trimmed_reads/sample0/sample0_R2.fastq.gz,sample0,0155d648,840758000,51,DNA,1000,840758,True,0.8977017592623187,0.9999656611007164,0.9488337101815175,0.9999656611007164,False,19838,204389,1144751
3362000,0.003998772536211372,0.8494188984335523,0.003998772536211372,0.011345698758944084,3.8631766805472934,4.0,2.004683783319462,/home/users/t/trickovi/scratch/sourmash/sourmash-hash-manipulation-21/51_1000_union/specific_hashomes.sbt.zip,1497001002,ac5fdb73bf728f004418cd2633d29b26,0.8494188984335523,3362000,7,76368000,output/trimmed_reads/sample0/sample0_R2.fastq.gz,sample0,0155d648,840758000,51,DNA,1000,840758,True,0.897385307861966,0.996805059578146,0.9470951837200561,0.996805059578146,False,12988,217377,1144751
3216000,0.003825119713401478,0.5310276352804898,0.003816793893129771,0.0061533032074224,2.1950763477718915,2.0,1.2919052106572686,/home/users/t/trickovi/scratch/sourmash/sourmash-hash-manipulation-21/51_1000_union/specific_hashomes.sbt.zip,4927001001,f05c8093bf50c2e29538338da6d84f71,0.5321860003309614,3209000,8,73159000,output/trimmed_reads/sample0/sample0_R2.fastq.gz,sample0,0155d648,840758000,51,DNA,1000,840758,True,0.8966044354688193,0.9877082811905532,0.9421563583296862,0.9877082811905532,False,7044,224421,1144751
3142000,0.0037371038991005734,0.6287772663598159,0.0037371038991005734,0.0047669755256820046,1.736791852323361,1.0,0.9401786979322845,/home/users/t/trickovi/scratch/sourmash/sourmash-hash-manipulation-21/51_1000_union/specific_hashomes.sbt.zip,3453001001,93622df02ab2e94c87b9aeecca1044a4,0.6287772663598159,3142000,9,70017000,output/trimmed_reads/sample0/sample0_R2.fastq.gz,sample0,0155d648,840758000,51,DNA,1000,840758,True,0.8961952761963629,0.9909436464389783,0.9435694613176706,0.9909436464389783,False,5457,229878,1144751
3003000,0.0035717768965623877,0.8038008565310493,0.0035717768965623877,0.013396799828084885,5.106893106893107,5.0,2.2915012821517253,/home/users/t/trickovi/scratch/sourmash/sourmash-hash-manipulation-21/51_1000_union/specific_hashomes.sbt.zip,909001001,3a48fcd36de185182f55147b34cf05df,0.8038008565310493,3003000,10,67014000,output/trimmed_reads/sample0/sample0_R2.fastq.gz,sample0,0155d648,840758000,51,DNA,1000,840758,True,0.895400514680479,0.9957267304061117,0.9455636225432953,0.9957267304061117,False,15336,245214,1144751
2974000,0.003537284212579601,0.30768434134217065,0.0035337160038917265,0.0033404644328766694,1.2871087176035005,1.0,0.6476262910187106,/home/users/t/trickovi/scratch/sourmash/sourmash-hash-manipulation-21/51_1000_union/specific_hashomes.sbt.zip,3008001001,8e7822a2de4478bc927237734db25639,0.3079950289975145,2971000,11,64043000,output/trimmed_reads/sample0/sample0_R2.fastq.gz,sample0,0155d648,840758000,51,DNA,1000,840758,True,0.8952301600304602,0.9771729699444097,0.9362015649874349,0.9771729699444097,False,3824,249038,1144751
2926000,0.0034801928735736084,0.5225,0.0034801928735736084,0.009582869986573499,3.7491455912508544,4.0,1.9153187606452724,/home/users/t/trickovi/scratch/sourmash/sourmash-hash-manipulation-21/51_1000_union/specific_hashomes.sbt.zip,3163001001,545447e5d1093bc11fa6a5e5d5e9521b,0.5225,2926000,12,61117000,output/trimmed_reads/sample0/sample0_R2.fastq.gz,sample0,0155d648,840758000,51,DNA,1000,840758,True,0.8949445824871133,0.9873526139888998,0.9411485982380066,0.9873526139888998,False,10970,260008,1144751
2816000,0.00334935855501821,0.42438877150618776,0.003344600943434377,0.005474552981390713,2.2286628733997156,2.0,1.2195027570854902,/home/users/t/trickovi/scratch/sourmash/sourmash-hash-manipulation-21/51_1000_union/specific_hashomes.sbt.zip,4201001001,96049ad4c7312bb7764ef9286c2c6c35,0.4249924539692122,2812000,13,58305000,output/trimmed_reads/sample0/sample0_R2.fastq.gz,sample0,0155d648,840758000,51,DNA,1000,840758,True,0.8942724181711336,0.9833618536634783,0.9388171359173059,0.9833618536634783,False,6267,266275,1144751
2645000,0.0031459706598093626,0.28129665173811047,0.0031376448395376553,0.00309849041407258,1.344579226686884,1.0,0.6427343629464779,/home/users/t/trickovi/scratch/sourmash/sourmash-hash-manipulation-21/51_1000_union/specific_hashomes.sbt.zip,4388001001,32d8ef5e0532a1ac0dbba076335708dc,0.282043079547878,2638000,14,55667000,output/trimmed_reads/sample0/sample0_R2.fastq.gz,sample0,0155d648,840758000,51,DNA,1000,840758,True,0.8931746038696164,0.9754878658024767,0.9343312348360466,0.9754878658024767,False,3547,269822,1144751
2409000,0.002865271576363234,0.7414589104339797,0.002865271576363234,0.015163122810113292,7.205479452054795,7.0,2.771443635005857,/home/users/t/trickovi/scratch/sourmash/sourmash-hash-manipulation-21/51_1000_union/specific_hashomes.sbt.zip,3898001001,8747101f4435debc718e766dde7dfc55,0.7414589104339797,2409000,15,53258000,output/trimmed_reads/sample0/sample0_R2.fastq.gz,sample0,0155d648,840758000,51,DNA,1000,840758,True,0.8915393279630135,0.9941517652830433,0.9428455466230283,0.9941517652830433,False,17358,287180,1144751
2243000,0.002667830695634178,0.5038185085354897,0.002667830695634178,0.005915696950690587,3.019170753455194,3.0,1.5622291162570938,/home/users/t/trickovi/scratch/sourmash/sourmash-hash-manipulation-21/51_1000_union/specific_hashomes.sbt.zip,797001001,a1bb1c2f8b3b1a61e2401a9f4c20bb03,0.5038185085354897,2243000,16,51015000,output/trimmed_reads/sample0/sample0_R2.fastq.gz,sample0,0155d648,840758000,51,DNA,1000,840758,True,0.890292090403549,0.9866479948356914,0.9384700426196202,0.9866479948356914,False,6772,293952,1144751
2168000,0.0025786254784373147,0.8816592110614071,0.0025786254784373147,0.006199601485388525,3.2735239852398523,3.0,2.2328477296363163,/home/users/t/trickovi/scratch/sourmash/sourmash-hash-manipulation-21/51_1000_union/specific_hashomes.sbt.zip,2511001001,8f634ecc278cc08169d2d73c33b7ea51,0.8816592110614071,2168000,17,48847000,output/trimmed_reads/sample0/sample0_R2.fastq.gz,sample0,0155d648,840758000,51,DNA,1000,840758,True,0.8896986001364932,0.9975334453952692,0.9436160227658812,0.9975334453952692,False,7097,301049,1144751
2102000,0.0025001248873040755,0.3422895293926071,0.0025001248873040755,0.0023874187487060504,1.3001902949571837,1.0,0.5677588453815996,/home/users/t/trickovi/scratch/sourmash/sourmash-hash-manipulation-21/51_1000_union/specific_hashomes.sbt.zip,35001002,96575402729915c8c33c1f2617989823,0.3422895293926071,2102000,18,46745000,output/trimmed_reads/sample0/sample0_R2.fastq.gz,sample0,0155d648,840758000,51,DNA,1000,840758,True,0.8891594350644717,0.9791978765885809,0.9341786558265264,0.9791978765885809,False,2733,303782,1144751
2079000,0.002472768620697038,0.4234326824254882,0.0024501699656738324,0.00980824650950294,5.450485436893204,5.0,2.439953596025709,/home/users/t/trickovi/scratch/sourmash/sourmash-hash-manipulation-21/51_1000_union/specific_hashomes.sbt.zip,1802001001,c134b019135eaa57dc28783d520374f5,0.4273381294964029,2060000,19,44685000,output/trimmed_reads/sample0/sample0_R2.fastq.gz,sample0,0155d648,840758000,51,DNA,1000,840758,True,0.8889676368032406,0.9834679884067312,0.9362178126049859,0.9834679884067312,False,11228,315010,1144751
2019000,0.002401404446939547,0.6634899769963851,0.002401404446939547,0.003563220298562744,2.020307082714215,2.0,1.1163531623837941,/home/users/t/trickovi/scratch/sourmash/sourmash-hash-manipulation-21/51_1000_union/specific_hashomes.sbt.zip,1080001002,2b65540d829ba51e44d2ee13b342d88e,0.6634899769963851,2019000,20,42666000,output/trimmed_reads/sample0/sample0_R2.fastq.gz,sample0,0155d648,840758000,51,DNA,1000,840758,True,0.888457329927144,0.9919883144056225,0.9402228221663833,0.9919883144056225,False,4079,319089,1144751
1922000,0.0022860323660316047,0.37775157232704404,0.0022860323660316047,0.0023865451962915953,1.4214360041623308,1.0,0.7018026575541805,/home/users/t/trickovi/scratch/sourmash/sourmash-hash-manipulation-21/51_1000_union/specific_hashomes.sbt.zip,4077001001,46706e05162236ac4d286b229adbe45c,0.37775157232704404,1922000,21,40744000,output/trimmed_reads/sample0/sample0_R2.fastq.gz,sample0,0155d648,840758000,51,DNA,1000,840758,True,0.8876000161642037,0.9810924352280402,0.9343462256961219,0.9810924352280402,False,2732,321821,1144751
1913000,0.002275327739967981,0.5945273631840796,0.0022741383370720233,0.006189992408829518,3.7060669456066946,3.0,1.8475939379460578,/home/users/t/trickovi/scratch/sourmash/sourmash-hash-manipulation-21/51_1000_union/specific_hashomes.sbt.zip,3436001001,38a855d72a9dd0e255286a185bdb5c6f,0.5948383084577115,1912000,22,38832000,output/trimmed_reads/sample0/sample0_R2.fastq.gz,sample0,0155d648,840758000,51,DNA,1000,840758,True,0.8875183325255995,0.9898660963700577,0.9386922144478287,0.9898660963700577,False,7086,328907,1144751
1729000,0.002056477607111678,0.8209876543209876,0.002056477607111678,0.009714776401156235,6.432041642567959,6.0,3.0813404064474703,/home/users/t/trickovi/scratch/sourmash/sourmash-hash-manipulation-21/51_1000_union/specific_hashomes.sbt.zip,588001001,d69a13030b96a37f52ac8338b95de895,0.8209876543209876,1729000,23,37103000,output/trimmed_reads/sample0/sample0_R2.fastq.gz,sample0,0155d648,840758000,51,DNA,1000,840758,True,0.8857601885781914,0.9961398772079855,0.9409500328930884,0.9961398772079855,False,11121,340028,1144751
1703000,0.0020255531318167652,0.40973728609303445,0.0020219849231288907,0.002665208416502803,1.7947058823529412,1.0,1.0536637349913804,/home/users/t/trickovi/scratch/sourmash/sourmash-hash-manipulation-21/51_1000_union/specific_hashomes.sbt.zip,4404001001,004a84c17279af5a54d9f454fda7c6b8,0.4104603518920222,1700000,24,35403000,output/trimmed_reads/sample0/sample0_R2.fastq.gz,sample0,0155d648,840758000,51,DNA,1000,840758,True,0.8854970734362506,0.9826912354077569,0.9340941544220038,0.9826912354077569,False,3051,343079,1144751
1684000,0.0020029544767935603,0.7497773820124666,0.0020029544767935603,0.002772655363480792,1.8847980997624703,2.0,1.0491628920063534,/home/users/t/trickovi/scratch/sourmash/sourmash-hash-manipulation-21/51_1000_union/specific_hashomes.sbt.zip,4778001001,25b6ce41cdab449c5a55101386500fa8,0.7497773820124666,1684000,25,33719000,output/trimmed_reads/sample0/sample0_R2.fastq.gz,sample0,0155d648,840758000,51,DNA,1000,840758,True,0.8853022944324338,0.994369266448296,0.939835780440365,0.994369266448296,False,3174,346253,1144751
1805000,0.002146872227204499,0.28522920203735147,0.0019981968652097275,0.0019200682069725208,1.3083333333333333,1.0,0.5607623071135978,/home/users/t/trickovi/scratch/sourmash/sourmash-hash-manipulation-21/51_1000_union/specific_hashomes.sbt.zip,2174001001,76775c12b4581fdfdc3502ef09e16bb4,0.3064516129032258,1680000,26,32039000,output/trimmed_reads/sample0/sample0_R2.fastq.gz,sample0,0155d648,840758000,51,DNA,1000,840758,True,0.8865076231115921,0.9770767179720181,0.9317921705418051,0.9770767179720181,False,2198,348451,1144751
1664000,0.0019791664188743966,0.7678818643285649,0.0019791664188743966,0.002697529855837645,1.8557692307692308,2.0,0.9828409491677415,/home/users/t/trickovi/scratch/sourmash/sourmash-hash-manipulation-21/51_1000_union/specific_hashomes.sbt.zip,3710001001,038a4b7cac49cb176e2a5634dc055826,0.7678818643285649,1664000,27,30375000,output/trimmed_reads/sample0/sample0_R2.fastq.gz,sample0,0155d648,840758000,51,DNA,1000,840758,True,0.8850949223673796,0.9948345755486181,0.9399647489579989,0.9948345755486181,False,3088,351539,1144751
1718000,0.0020433941752561378,0.3471739130434783,0.0018994764248451992,0.0031849721031036444,2.283030682529743,2.0,1.314165901710142,/home/users/t/trickovi/scratch/sourmash/sourmash-hash-manipulation-21/51_1000_union/specific_hashomes.sbt.zip,2116001001,29e051730c8950f212f4ae92913c115a,0.3734782608695652,1597000,28,28778000,output/trimmed_reads/sample0/sample0_R2.fastq.gz,sample0,0155d648,840758000,51,DNA,1000,840758,True,0.8856493472611404,0.9808735997601344,0.9332614735106375,0.9808735997601344,False,3646,355185,1144751
1507000,0.0017924301642089637,0.8054516301443079,0.0017924301642089637,0.0026005655378331183,1.975447909754479,2.0,1.0608842991228398,/home/users/t/trickovi/scratch/sourmash/sourmash-hash-manipulation-21/51_1000_union/specific_hashomes.sbt.zip,4684001001,ac5f72135aae33507b49ff7afb92d9bf,0.8054516301443079,1507000,29,27271000,output/trimmed_reads/sample0/sample0_R2.fastq.gz,sample0,0155d648,840758000,51,DNA,1000,840758,True,0.8833766720448204,0.9957667868326158,0.939571729438718,0.9957667868326158,False,2977,358162,1144751
1402000,0.0016675428601333558,0.1644914756025867,0.0016639746514454812,0.001561038164631435,1.2773409578270194,1.0,0.5711629336336984,/home/users/t/trickovi/scratch/sourmash/sourmash-hash-manipulation-21/51_1000_union/specific_hashomes.sbt.zip,2636001001,3429bbd911cefe0031c530feeb6adf78,0.16484420928865373,1399000,30,25872000,output/trimmed_reads/sample0/sample0_R2.fastq.gz,sample0,0155d648,840758000,51,DNA,1000,840758,True,0.8821266071197806,0.9652693221986727,0.9236979646592267,0.9652693221986727,False,1787,359949,1144751
1258000,0.0014962688431153792,0.33395373570858816,0.0014938900373234628,0.0014701887135280948,1.339968152866242,1.0,0.6116137151547354,/home/users/t/trickovi/scratch/sourmash/sourmash-hash-manipulation-21/51_1000_union/specific_hashomes.sbt.zip,3599001001,6d854508b459b577234c2690d4650c21,0.3344855091730923,1256000,31,24616000,output/trimmed_reads/sample0/sample0_R2.fastq.gz,sample0,0155d648,840758000,51,DNA,1000,840758,True,0.880254050206732,0.9787551604120159,0.929504605309374,0.9787551604120159,False,1683,361632,1144751
1214000,0.0014439351156932197,0.1638768898488121,0.0014439351156932197,0.001274512972690131,1.2018121911037891,1.0,0.4588108808271446,/home/users/t/trickovi/scratch/sourmash/sourmash-hash-manipulation-21/51_1000_union/specific_hashomes.sbt.zip,3584001001,3ec2df512c2099e7bbc8dc1e88a69a3c,0.1638768898488121,1214000,32,23402000,output/trimmed_reads/sample0/sample0_R2.fastq.gz,sample0,0155d648,840758000,51,DNA,1000,840758,True,0.8796397702387947,0.9651579371615644,0.9223988537001795,0.9651579371615644,False,1459,363091,1144751
1204000,0.001432041086733638,0.16074291822554784,0.0014308516838376798,0.0011792957595145146,1.1221945137157108,1.0,0.349607791746267,/home/users/t/trickovi/scratch/sourmash/sourmash-hash-manipulation-21/51_1000_union/specific_hashomes.sbt.zip,4379001001,f9f8f23a249ae423c5eefc9d5f3cc9f6,0.16087653661143772,1203000,33,22199000,output/trimmed_reads/sample0/sample0_R2.fastq.gz,sample0,0155d648,840758000,51,DNA,1000,840758,True,0.8794971189701523,0.9648083056763062,0.9221527123232292,0.9648083056763062,False,1350,364441,1144751
1141000,0.0013571087042882732,0.336283185840708,0.001355919301392315,0.0014492234555811701,1.4552631578947368,1.0,0.7259104513502347,/home/users/t/trickovi/scratch/sourmash/sourmash-hash-manipulation-21/51_1000_union/specific_hashomes.sbt.zip,4875001001,8dfdcc3a3730c22aa7e307abaa599553,0.33657817109144544,1140000,34,21059000,output/trimmed_reads/sample0/sample0_R2.fastq.gz,sample0,0155d648,840758000,51,DNA,1000,840758,True,0.8785707848729107,0.9788748612483246,0.9287228230606177,0.9788748612483246,False,1659,366100,1144751
1097000,0.0013047749768661137,0.3328272092317036,0.0013035855739701556,0.0012142378560927223,1.2682481751824817,1.0,0.6228137210352777,/home/users/t/trickovi/scratch/sourmash/sourmash-hash-manipulation-21/51_1000_union/specific_hashomes.sbt.zip,1163001001,cee81f8832b25e09928b320eef2ec320,0.33313088369268146,1096000,35,19963000,output/trimmed_reads/sample0/sample0_R2.fastq.gz,sample0,0155d648,840758000,51,DNA,1000,840758,True,0.8778935836925298,0.9786772833694635,0.9282854335309967,0.9786772833694635,False,1390,367490,1144751
1121000,0.0013333206463691097,0.13535651940378676,0.0011989181191258364,0.0010063323814523857,1.1428571428571428,1.0,0.39519506363566265,/home/users/t/trickovi/scratch/sourmash/sourmash-hash-manipulation-21/51_1000_union/specific_hashomes.sbt.zip,3288001001,7537859d27e0a01456bdc4166e869a84,0.15053041493218747,1008000,36,18955000,output/trimmed_reads/sample0/sample0_R2.fastq.gz,sample0,0155d648,840758000,51,DNA,1000,840758,True,0.8782661988308484,0.9635516190036044,0.9209089089172264,0.9635516190036044,False,1152,368642,1144751
1023000,0.001216759162565209,0.2296086751532296,0.0011584784206632587,0.001002838171794565,1.1786447638603696,1.0,0.4404074684694517,/home/users/t/trickovi/scratch/sourmash/sourmash-hash-manipulation-21/51_1000_union/specific_hashomes.sbt.zip,1888001001,fad29a3d3b8076890643219e4149e46e,0.24115983026874116,974000,37,17981000,output/trimmed_reads/sample0/sample0_R2.fastq.gz,sample0,0155d648,840758000,51,DNA,1000,840758,True,0.8766922139217425,0.9724971398777646,0.9245946768997535,0.9724971398777646,False,1148,369790,1144751
941000,0.0011192281250966389,0.06871487448482577,0.0010906824555936428,0.0008683110999684648,1.083969465648855,1.0,0.29264773160688345,/home/users/t/trickovi/scratch/sourmash/sourmash-hash-manipulation-21/51_1000_union/specific_hashomes.sbt.zip,2185001001,d10917d49456d3473e4e384799b711d0,0.07051330086174597,917000,38,17064000,output/trimmed_reads/sample0/sample0_R2.fastq.gz,sample0,0155d648,840758000,51,DNA,1000,840758,True,0.8752571336809135,0.9493297245478871,0.9122934291144003,0.9493297245478871,False,994,370784,1144751
919000,0.0010930612613855592,0.06298583363603341,0.0010312123107957343,0.0008167715075156082,1.0784313725490196,1.0,0.35402882520132917,/home/users/t/trickovi/scratch/sourmash/sourmash-hash-manipulation-21/51_1000_union/specific_hashomes.sbt.zip,1643001001,91f64ed5d0d0c539a75ebf92ad744015,0.0667635306937886,867000,39,16197000,output/trimmed_reads/sample0/sample0_R2.fastq.gz,sample0,0155d648,840758000,51,DNA,1000,840758,True,0.8748512283580487,0.9483131020728176,0.9115821652154332,0.9483131020728176,False,935,371719,1144751
847000,0.0010074242528765708,0.12382795058788511,0.0009895832094371983,0.0007993004592265042,1.0997596153846154,1.0,0.41993582374142663,/home/users/t/trickovi/scratch/sourmash/sourmash-hash-manipulation-21/51_1000_union/specific_hashomes.sbt.zip,1520001001,a423b463df36707feecba4e1851c26ec,0.12606042565858014,832000,40,15365000,output/trimmed_reads/sample0/sample0_R2.fastq.gz,sample0,0155d648,840758000,51,DNA,1000,840758,True,0.8734528351780347,0.9602057218466277,0.9168292785123312,0.9602057218466277,False,915,372634,1144751
894000,0.0010633261889866049,0.12294583079732198,0.0009610375399342023,0.000811530193028877,1.1497524752475248,1.0,0.5874933647140044,/home/users/t/trickovi/scratch/sourmash/sourmash-hash-manipulation-21/51_1000_union/specific_hashomes.sbt.zip,3329001001,cf2e2c1aff09f3aa9cc39f8ed341eb2f,0.1360316494217894,808000,41,14557000,output/trimmed_reads/sample0/sample0_R2.fastq.gz,sample0,0155d648,840758000,51,DNA,1000,840758,True,0.8743782444856316,0.9616400631886757,0.9180091538371536,0.9616400631886757,False,929,373563,1144751
798000,0.0009491435109746205,0.1916023166023166,0.0009443858993907878,0.0008045417737132355,1.1599496221662469,1.0,0.3866252586951172,/home/users/t/trickovi/scratch/sourmash/sourmash-hash-manipulation-21/51_1000_union/specific_hashomes.sbt.zip,3706001001,a99aa15d3dcf78286cbf507699af7a0f,0.19256756756756757,794000,42,13763000,output/trimmed_reads/sample0/sample0_R2.fastq.gz,sample0,0155d648,840758000,51,DNA,1000,840758,True,0.872432825607799,0.9682159182655592,0.9203243719366792,0.9682159182655592,False,921,374484,1144751
1066000,0.0012679034870914103,0.17321127439171283,0.000855180682193925,0.0008228863744167945,1.310152990264256,1.0,0.5823503803273544,/home/users/t/trickovi/scratch/sourmash/sourmash-hash-manipulation-21/51_1000_union/specific_hashomes.sbt.zip,2214001001,a2ff930892df4e9975045aec5779f124,0.25680558901469525,719000,43,13044000,output/trimmed_reads/sample0/sample0_R2.fastq.gz,sample0,0155d648,840758000,51,DNA,1000,840758,True,0.8774002797806433,0.9736965183135613,0.9255483990471023,0.9736965183135613,False,942,375426,1144751
692000,0.0008230668040030544,0.3315764254911356,0.0008230668040030544,0.0008482193944359953,1.403179190751445,1.0,0.6589896428575831,/home/users/t/trickovi/scratch/sourmash/sourmash-hash-manipulation-21/51_1000_union/specific_hashomes.sbt.zip,2455001001,a5bbf17fba980dfd43f705418db6636d,0.3315764254911356,692000,44,12352000,output/trimmed_reads/sample0/sample0_R2.fastq.gz,sample0,0155d648,840758000,51,DNA,1000,840758,True,0.8699981618242434,0.9785875345387225,0.9242928481814829,0.9785875345387225,False,971,376397,1144751
649000,0.000771922479476853,0.17569030860855442,0.000771922479476853,0.0007058303508797983,1.2449922958397535,1.0,0.5148731274623533,/home/users/t/trickovi/scratch/sourmash/sourmash-hash-manipulation-21/51_1000_union/specific_hashomes.sbt.zip,4817001001,259d351d32eeeb47bc636ecd27d8e7b9,0.17569030860855442,649000,45,11703000,output/trimmed_reads/sample0/sample0_R2.fastq.gz,sample0,0155d648,840758000,51,DNA,1000,840758,True,0.8689044733782266,0.9664761325386633,0.9176903029584449,0.9664761325386633,False,808,377205,1144751
590000,0.0007017477086153209,0.15846112456281947,0.0007005583057193628,0.0005730503838826085,1.1137521222410867,1.0,0.3331656256914197,/home/users/t/trickovi/scratch/sourmash/sourmash-hash-manipulation-21/51_1000_union/specific_hashomes.sbt.zip,2884001001,a2a28c8a3b957a932ff07821865eec81,0.15873015873015872,589000,46,11114000,output/trimmed_reads/sample0/sample0_R2.fastq.gz,sample0,0155d648,840758000,51,DNA,1000,840758,True,0.8672821575761731,0.9645542432097057,0.9159182003929394,0.9645542432097057,False,656,377861,1144751
505000,0.0006006484624588764,0.1808091657715718,0.0006006484624588764,0.0005022926383117377,1.1386138613861385,1.0,0.40368851265970707,/home/users/t/trickovi/scratch/sourmash/sourmash-hash-manipulation-21/51_1000_union/specific_hashomes.sbt.zip,1055001001,2cd044ccb06c890c59e4261bd89147cb,0.1808091657715718,505000,47,10609000,output/trimmed_reads/sample0/sample0_R2.fastq.gz,sample0,0155d648,840758000,51,DNA,1000,840758,True,0.8646407376666193,0.967020531397022,0.9158306345318207,0.967020531397022,False,575,378436,1144751
480000,0.0005709133900599221,0.12068531116150163,0.0005697239871639639,0.00046385633207570907,1.1085594989561587,1.0,0.3430031499343478,/home/users/t/trickovi/scratch/sourmash/sourmash-hash-manipulation-21/51_1000_union/specific_hashomes.sbt.zip,2947001001,0258ef918766c14d678ce78171c64254,0.12093726379440665,479000,48,10130000,output/trimmed_reads/sample0/sample0_R2.fastq.gz,sample0,0155d648,840758000,51,DNA,1000,840758,True,0.863780385192264,0.9594248946223906,0.9116026399073273,0.9594248946223906,False,531,378967,1144751
461000,0.0005483147350367169,0.14837463791438688,0.0005483147350367169,0.0004699711989768954,1.1670281995661604,1.0,0.411702008342601,/home/users/t/trickovi/scratch/sourmash/sourmash-hash-manipulation-21/51_1000_union/specific_hashomes.sbt.zip,4977001001,234bb9b984bed8f0b4006674d570f186,0.14837463791438688,461000,49,9669000,output/trimmed_reads/sample0/sample0_R2.fastq.gz,sample0,0155d648,840758000,51,DNA,1000,840758,True,0.8630966086279763,0.9632791284191813,0.9131878685235788,0.9632791284191813,False,538,379505,1144751
497000,0.0005911332392912111,0.22011005502751377,0.0005233372742215953,0.00044201752171432913,1.15,1.0,0.4048007366144933,/home/users/t/trickovi/scratch/sourmash/sourmash-hash-manipulation-21/51_1000_union/specific_hashomes.sbt.zip,2022001001,795e8b38027d7239b37150dd4f1fdffa,0.24862431215607803,440000,50,9229000,output/trimmed_reads/sample0/sample0_R2.fastq.gz,sample0,0155d648,840758000,51,DNA,1000,840758,True,0.8643700558898906,0.9730785820463619,0.9187243189681262,0.9730785820463619,False,506,380011,1144751
369000,0.00043888966860856514,0.08018327605956473,0.0004162910135853599,0.0003214672885195121,1.0514285714285714,1.0,0.23344797960931996,/home/users/t/trickovi/scratch/sourmash/sourmash-hash-manipulation-21/51_1000_union/specific_hashomes.sbt.zip,3002001001,1e32618e908aa2b988b16f8c7015ddaa,0.08453608247422681,350000,51,8879000,output/trimmed_reads/sample0/sample0_R2.fastq.gz,sample0,0155d648,840758000,51,DNA,1000,840758,True,0.8593376315419868,0.9527119444952048,0.9060247880185959,0.9527119444952048,False,368,380379,1144751
977000,0.0011620466293511332,0.11146700832799487,0.00041391220779344353,0.00033981188922307124,1.117816091954023,1.0,0.3642404324270058,/home/users/t/trickovi/scratch/sourmash/sourmash-hash-manipulation-21/51_1000_union/specific_hashomes.sbt.zip,2091001001,00c092b74f330da93604dd9d07a23bed,0.3129404228058937,348000,52,8531000,output/trimmed_reads/sample0/sample0_R2.fastq.gz,sample0,0155d648,840758000,51,DNA,1000,840758,True,0.8759016890741292,0.9774782248817712,0.9266899569779502,0.9774782248817712,False,389,380768,1144751
339000,0.00040320758172982,0.11777003484320557,0.0004020181788338618,0.0003214672885195121,1.0887573964497042,1.0,0.3044894752726298,/home/users/t/trickovi/scratch/sourmash/sourmash-hash-manipulation-21/51_1000_union/specific_hashomes.sbt.zip,976001001,bfbd26ee5d9239570fd0995704357e43,0.11811846689895471,338000,53,8193000,output/trimmed_reads/sample0/sample0_R2.fastq.gz,sample0,0155d648,840758000,51,DNA,1000,840758,True,0.8579100176234523,0.9589813317924157,0.908445674707934,0.9589813317924157,False,368,381136,1144751
310000,0.00036871489774703304,0.1646309081253319,0.00036871489774703304,0.00029613426850031143,1.0935483870967742,1.0,0.30207399635121207,/home/users/t/trickovi/scratch/sourmash/sourmash-hash-manipulation-21/51_1000_union/specific_hashomes.sbt.zip,5122001001,2d7d9d991b6524de260f7ca704883bba,0.1646309081253319,310000,54,7883000,output/trimmed_reads/sample0/sample0_R2.fastq.gz,sample0,0155d648,840758000,51,DNA,1000,840758,True,0.8564070021599792,0.9652448161397299,0.9108259091498545,0.9652448161397299,False,339,381475,1144751
845000,0.0010050454470846547,0.052649809490820924,0.000361578480371284,0.00029176650642803546,1.0986842105263157,1.0,0.339501732827386,/home/users/t/trickovi/scratch/sourmash/sourmash-hash-manipulation-21/51_1000_union/specific_hashomes.sbt.zip,1750001001,cc12b4954f8f1a42df0d9f6cb6f52766,0.14634568756494631,304000,55,7579000,output/trimmed_reads/sample0/sample0_R2.fastq.gz,sample0,0155d648,840758000,51,DNA,1000,840758,True,0.873412347856005,0.9630190995670234,0.9182157237115142,0.9630190995670234,False,334,381809,1144751
303000,0.0003603890774753258,0.14015151515151514,0.00035206325720361865,0.0002839045346979387,1.097972972972973,1.0,0.3084331796298298,/home/users/t/trickovi/scratch/sourmash/sourmash-hash-manipulation-21/51_1000_union/specific_hashomes.sbt.zip,2316001001,3a3d30a659b855652c518724148003ef,0.1434659090909091,296000,56,7283000,output/trimmed_reads/sample0/sample0_R2.fastq.gz,sample0,0155d648,840758000,51,DNA,1000,840758,True,0.8560235605577007,0.9626438953428526,0.9093337279502767,0.9626438953428526,False,325,382134,1144751
441000,0.0005245266771175534,0.0485207100591716,0.0003413586311399951,0.0002603186195076484,1.038327526132404,1.0,0.19198574653597086,/home/users/t/trickovi/scratch/sourmash/sourmash-hash-manipulation-21/51_1000_union/specific_hashomes.sbt.zip,1755001001,35c3d0196f36c5fcce27947d023383a6,0.07455621301775148,287000,57,6996000,output/trimmed_reads/sample0/sample0_R2.fastq.gz,sample0,0155d648,840758000,51,DNA,1000,840758,True,0.8623463257383471,0.9503680773100618,0.9063572015242045,0.9503680773100618,False,298,382432,1144751
297000,0.0003532526600995768,0.07150205761316872,0.00033065400507637156,0.0002603186195076484,1.0719424460431655,1.0,0.2972363778433611,/home/users/t/trickovi/scratch/sourmash/sourmash-hash-manipulation-21/51_1000_union/specific_hashomes.sbt.zip,4228001001,f775528f1dd6c6fc0984f204fdcdea4b,0.0763888888888889,278000,58,6718000,output/trimmed_reads/sample0/sample0_R2.fastq.gz,sample0,0155d648,840758000,51,DNA,1000,840758,True,0.8556879196716686,0.9508207069999987,0.9032543133358336,0.9508207069999987,False,298,382730,1144751
277000,0.0003294646021804134,0.0801762114537445,0.0003247069905965807,0.0002786632202112075,1.1684981684981686,1.0,1.0346542737136217,/home/users/t/trickovi/scratch/sourmash/sourmash-hash-manipulation-21/51_1000_union/specific_hashomes.sbt.zip,4064001001,7463046d528b04285297d681d0a00999,0.08135095447870778,273000,59,6445000,output/trimmed_reads/sample0/sample0_R2.fastq.gz,sample0,0155d648,840758000,51,DNA,1000,840758,True,0.8545190330947746,0.9519947685192585,0.9032569008070166,0.9519947685192585,False,319,383049,1144751
303000,0.0003603890774753258,0.022118072685413583,0.00031994937901274803,0.00023935336156072367,1.0185873605947955,1.0,0.13506246932776916,/home/users/t/trickovi/scratch/sourmash/sourmash-hash-manipulation-21/51_1000_union/specific_hashomes.sbt.zip,4917001001,e5df25e2bdaba2877cdc940cd5a5de4d,0.024913665515540206,269000,60,6176000,output/trimmed_reads/sample0/sample0_R2.fastq.gz,sample0,0155d648,840758000,51,DNA,1000,840758,True,0.8560235605577007,0.9301598738911101,0.8930917172244054,0.9301598738911101,False,274,383323,1144751
274000,0.0003258963934925389,0.09234638878907654,0.00030567654426124995,0.00024284757121854447,1.0817120622568093,1.0,0.27392553940541703,/home/users/t/trickovi/scratch/sourmash/sourmash-hash-manipulation-21/51_1000_union/specific_hashomes.sbt.zip,342001001,743d95a685751b269b7992c2679ab281,0.09845490477901545,257000,61,5919000,output/trimmed_reads/sample0/sample0_R2.fastq.gz,sample0,0155d648,840758000,51,DNA,1000,840758,True,0.8543365976821073,0.9555635077365324,0.9049500527093199,0.9555635077365324,False,278,383601,1144751
256000,0.0003044871413652918,0.07256687535571998,0.00030329773846933365,0.0002376062567318133,1.0666666666666667,1.0,0.26469862008919537,/home/users/t/trickovi/scratch/sourmash/sourmash-hash-manipulation-21/51_1000_union/specific_hashomes.sbt.zip,1267001001,fd95d3c84148c5b191cafda9e4bc600b,0.07285145133750712,255000,62,5664000,output/trimmed_reads/sample0/sample0_R2.fastq.gz,sample0,0155d648,840758000,51,DNA,1000,840758,True,0.8531990666873831,0.9499371379626984,0.9015681023250408,0.9499371379626984,False,272,383873,1144751
239000,0.0002842672921340029,0.06023791445203746,0.0002830778892380447,0.0002175145511993438,1.046218487394958,1.0,0.20995794535544515,/home/users/t/trickovi/scratch/sourmash/sourmash-hash-manipulation-21/51_1000_union/specific_hashomes.sbt.zip,3783001001,3ea61e881911937240975e7c884aabd5,0.06049101493292837,238000,63,5426000,output/trimmed_reads/sample0/sample0_R2.fastq.gz,sample0,0155d648,840758000,51,DNA,1000,840758,True,0.8520502990015397,0.9464803146098806,0.8992653068057102,0.9464803146098806,False,249,384122,1144751
230000,0.00027356266607037933,0.023896483355942817,0.0002723732631744212,0.00020266416015360546,1.0131004366812226,1.0,0.11370494817721867,/home/users/t/trickovi/scratch/sourmash/sourmash-hash-manipulation-21/51_1000_union/specific_hashomes.sbt.zip,3218001001,9e344f6ce1982c27054633c3a4299832,0.02400083481164562,229000,64,5197000,output/trimmed_reads/sample0/sample0_R2.fastq.gz,sample0,0155d648,840758000,51,DNA,1000,840758,True,0.8514092597606393,0.929479321542039,0.8904442906513392,0.929479321542039,False,232,384354,1144751
234000,0.00027832027765421205,0.06578171091445428,0.00026523684579867217,0.00021052613188370222,1.0807174887892377,1.0,0.2724007632015684,/home/users/t/trickovi/scratch/sourmash/sourmash-hash-manipulation-21/51_1000_union/specific_hashomes.sbt.zip,2105001001,30a4e92f771626eab3702a23a505f43b,0.06902654867256637,223000,65,4974000,output/trimmed_reads/sample0/sample0_R2.fastq.gz,sample0,0155d648,840758000,51,DNA,1000,840758,True,0.8516971482973591,0.9489331334705948,0.9003151408839769,0.9489331334705948,False,241,384595,1144751
217000,0.0002581004284229231,0.047674418604651166,0.00024382759367142507,0.00018519311186450155,1.0341463414634147,1.0,0.20672800097967894,/home/users/t/trickovi/scratch/sourmash/sourmash-hash-manipulation-21/51_1000_union/specific_hashomes.sbt.zip,2908001001,773f4116b8b534873a321b1a7c84a379,0.050465116279069765,205000,66,4769000,output/trimmed_reads/sample0/sample0_R2.fastq.gz,sample0,0155d648,840758000,51,DNA,1000,840758,True,0.8504385066226695,0.9431232612178884,0.8967808839202789,0.9431232612178884,False,212,384807,1144751
190000,0.0002259865502320525,0.04344843356963183,0.0002259865502320525,0.00017034272081876322,1.0263157894736843,1.0,0.16007269816574266,/home/users/t/trickovi/scratch/sourmash/sourmash-hash-manipulation-21/51_1000_union/specific_hashomes.sbt.zip,2653001001,4546d02cd9e3a688134b479f518971dc,0.04344843356963183,190000,67,4579000,output/trimmed_reads/sample0/sample0_R2.fastq.gz,sample0,0155d648,840758000,51,DNA,1000,840758,True,0.8482256933037083,0.9403588371750643,0.8942922652393863,0.9403588371750643,False,195,385002,1144751
189000,0.00022479714733609433,0.04293047130191321,0.00021885013285630347,0.00016510140633203203,1.0271739130434783,1.0,0.16258994893099554,/home/users/t/trickovi/scratch/sourmash/sourmash-hash-manipulation-21/51_1000_union/specific_hashomes.sbt.zip,2321001001,ca725def6fdf77b154bc53d4da205165,0.044097060195986935,184000,68,4395000,output/trimmed_reads/sample0/sample0_R2.fastq.gz,sample0,0155d648,840758000,51,DNA,1000,840758,True,0.8481379304831346,0.9406321030793355,0.894385016781235,0.9406321030793355,False,189,385191,1144751
190000,0.0002259865502320525,0.04237491022264783,0.00021052431258459627,0.00015986009184530085,1.0338983050847457,1.0,0.1809674280005307,/home/users/t/trickovi/scratch/sourmash/sourmash-hash-manipulation-21/51_1000_union/specific_hashomes.sbt.zip,2001001001,5aa63814ee0016fe0acc93847e7b47b2,0.04548719176442423,177000,69,4218000,output/trimmed_reads/sample0/sample0_R2.fastq.gz,sample0,0155d648,840758000,51,DNA,1000,840758,True,0.8482256933037083,0.9412047288265438,0.8947152110651261,0.9412047288265438,False,183,385374,1144751
165000,0.00019625147783309822,0.04495912806539509,0.00019625147783309822,0.0001485039104573833,1.0303030303030303,1.0,0.17141982574219333,/home/users/t/trickovi/scratch/sourmash/sourmash-hash-manipulation-21/51_1000_union/specific_hashomes.sbt.zip,2184001001,cbe69e06ab394b39c5349a34c6557796,0.04495912806539509,165000,70,4053000,output/trimmed_reads/sample0/sample0_R2.fastq.gz,sample0,0155d648,840758000,51,DNA,1000,840758,True,0.845882533876405,0.9409892549869061,0.8934358944316556,0.9409892549869061,False,170,385544,1144751
154000,0.00018316804597755834,0.06111111111111111,0.00018316804597755834,0.00013802128148392097,1.025974025974026,1.0,0.1590577755054012,/home/users/t/trickovi/scratch/sourmash/sourmash-hash-manipulation-21/51_1000_union/specific_hashomes.sbt.zip,3317001001,0e36761033eaa43ed81f3a86ff091a85,0.06111111111111111,154000,71,3899000,output/trimmed_reads/sample0/sample0_R2.fastq.gz,sample0,0155d648,840758000,51,DNA,1000,840758,True,0.8447389964628035,0.9466696084500235,0.8957043024564135,0.9466696084500235,False,158,385702,1144751
152000,0.000180789240185642,0.057736720554272515,0.00017841043439372566,0.00013976838631283135,1.0666666666666667,1.0,0.24944382578492943,/home/users/t/trickovi/scratch/sourmash/sourmash-hash-manipulation-21/51_1000_union/specific_hashomes.sbt.zip,4884001001,b60dd3d9a634286d8f918f2a80508e86,0.05850654349499615,150000,72,3749000,output/trimmed_reads/sample0/sample0_R2.fastq.gz,sample0,0155d648,840758000,51,DNA,1000,840758,True,0.8445225046587804,0.9458614773475393,0.8951919910031598,0.9458614773475393,False,160,385862,1144751
387000,0.0004602989207358122,0.07040913415794481,0.00017603162860180933,0.00013540062424055536,1.0472972972972974,1.0,0.2122740280054731,/home/users/t/trickovi/scratch/sourmash/sourmash-hash-manipulation-21/51_1000_union/specific_hashomes.sbt.zip,2187001001,1b3d34ca010ed40addedbcb91e2ee70c,0.1841103710751665,148000,73,3601000,output/trimmed_reads/sample0/sample0_R2.fastq.gz,sample0,0155d648,840758000,51,DNA,1000,840758,True,0.8601405274639582,0.9673636622903188,0.9137520948771385,0.9673636622903188,False,155,386017,1144751
141000,0.00016770580833010213,0.02726347914547304,0.00015937998805839491,0.00011880312836590664,1.0149253731343284,1.0,0.12125430454680536,/home/users/t/trickovi/scratch/sourmash/sourmash-hash-manipulation-21/51_1000_union/specific_hashomes.sbt.zip,399001001,e70f0b0eb724743d8b20da5c96eab96a,0.02868769074262462,134000,74,3467000,output/trimmed_reads/sample0/sample0_R2.fastq.gz,sample0,0155d648,840758000,51,DNA,1000,840758,True,0.8432794779321703,0.93273599548062,0.8880077367063952,0.93273599548062,False,136,386153,1144751
131000,0.0001558117793705204,0.04948998866641481,0.0001558117793705204,0.00011792957595145145,1.0305343511450382,1.0,0.17205233083335336,/home/users/t/trickovi/scratch/sourmash/sourmash-hash-manipulation-21/51_1000_union/specific_hashomes.sbt.zip,4901001001,7bf1cf51c3ce0b06b017b366caff8f60,0.04948998866641481,131000,75,3336000,output/trimmed_reads/sample0/sample0_R2.fastq.gz,sample0,0155d648,840758000,51,DNA,1000,840758,True,0.842064005660277,0.9427625036467929,0.8924132546535349,0.9427625036467929,False,135,386288,1144751
152000,0.000180789240185642,0.06750392464678179,0.00015343297357860408,0.00011792957595145145,1.0465116279069768,1.0,0.21059035204970736,/home/users/t/trickovi/scratch/sourmash/sourmash-hash-manipulation-21/51_1000_union/specific_hashomes.sbt.zip,5092001001,345ae6e58622362c87186a942e2d8bba,0.07953950811093669,129000,76,3207000,output/trimmed_reads/sample0/sample0_R2.fastq.gz,sample0,0155d648,840758000,51,DNA,1000,840758,True,0.8445225046587804,0.951574514344273,0.8980485095015267,0.951574514344273,False,135,386423,1144751
133000,0.00015819058516243676,0.02531397174254317,0.00015343297357860408,0.00011792957595145145,1.0465116279069768,1.0,0.24464703624898448,/home/users/t/trickovi/scratch/sourmash/sourmash-hash-manipulation-21/51_1000_union/specific_hashomes.sbt.zip,4871001001,e463733911ef5e0448142b9d26559d5f,0.0260989010989011,129000,77,3078000,output/trimmed_reads/sample0/sample0_R2.fastq.gz,sample0,0155d648,840758000,51,DNA,1000,840758,True,0.8423142151719953,0.9310079229884437,0.8866610690802195,0.9310079229884437,False,135,386558,1144751
424000,0.0005043068278862646,0.04982346018046293,0.00015105416778668772,0.0003240879457628777,2.921259842519685,3.0,1.49858883338192,/home/users/t/trickovi/scratch/sourmash/sourmash-hash-manipulation-21/51_1000_union/specific_hashomes.sbt.zip,1480001001,ee3b2fce450a9b012af5dc4a8f982c23,0.16633974107493135,127000,78,2951000,output/trimmed_reads/sample0/sample0_R2.fastq.gz,sample0,0155d648,840758000,51,DNA,1000,840758,True,0.8616818748197316,0.9654402749505234,0.9135610748851275,0.9654402749505234,False,371,386929,1144751
133000,0.00015819058516243676,0.015504837509302902,0.0001486753619947714,0.00011006760422135469,1.008,1.0,0.08908422980528036,/home/users/t/trickovi/scratch/sourmash/sourmash-hash-manipulation-21/51_1000_union/specific_hashomes.sbt.zip,1859001001,6890bd993c320a5d18b07ae1cbc78cd6,0.01649714710989829,125000,79,2826000,output/trimmed_reads/sample0/sample0_R2.fastq.gz,sample0,0155d648,840758000,51,DNA,1000,840758,True,0.8423142151719953,0.922671768142611,0.8824929916573032,0.922671768142611,False,126,387055,1144751
163000,0.0001938726720411819,0.0266844563042028,0.00014272834751498053,0.0001065733945635339,1.0166666666666666,1.0,0.12801909579781015,/home/users/t/trickovi/scratch/sourmash/sourmash-hash-manipulation-21/51_1000_union/specific_hashomes.sbt.zip,222001001,6ce6501d43bb4716852235e43026ca7c,0.03624638647987547,120000,80,2706000,output/trimmed_reads/sample0/sample0_R2.fastq.gz,sample0,0155d648,840758000,51,DNA,1000,840758,True,0.8456802880874745,0.9370230807615922,0.8913516844245334,0.9370230807615922,False,122,387177,1144751
119000,0.00014153894461902235,0.026463332585781565,0.00014034954172306417,0.00011530891870808586,1.11864406779661,1.0,0.6129878413567839,/home/users/t/trickovi/scratch/sourmash/sourmash-hash-manipulation-21/51_1000_union/specific_hashomes.sbt.zip,1044001001,3844e9b309d7bcf1bff7aa41524687f8,0.026687598116169546,118000,81,2588000,output/trimmed_reads/sample0/sample0_R2.fastq.gz,sample0,0155d648,840758000,51,DNA,1000,840758,True,0.840479218170069,0.9314152049297979,0.8859472115499334,0.9314152049297979,False,132,387309,1144751
109000,0.00012964491565944065,0.04092459264873058,0.00012845551276348247,9.783787041898195e-05,1.037037037037037,1.0,0.1888525745775105,/home/users/t/trickovi/scratch/sourmash/sourmash-hash-manipulation-21/51_1000_union/specific_hashomes.sbt.zip,352001003,b79c128ae1dfa59cb183dd1158f9d325,0.04130352406214475,108000,82,2480000,output/trimmed_reads/sample0/sample0_R2.fastq.gz,sample0,0155d648,840758000,51,DNA,1000,840758,True,0.8390339215481704,0.9394258194981565,0.8892298705231634,0.9394258194981565,False,112,387421,1144751
193000,0.00022955475891992702,0.01571767497034401,0.00012607670697156615,0.00010045852766234754,1.0849056603773586,1.0,0.4369258934682796,/home/users/t/trickovi/scratch/sourmash/sourmash-hash-manipulation-21/51_1000_union/specific_hashomes.sbt.zip,4098001001,3adcda13e791f34478608a284bb1465b,0.028618030842230132,106000,83,2374000,output/trimmed_reads/sample0/sample0_R2.fastq.gz,sample0,0155d648,840758000,51,DNA,1000,840758,True,0.8484862902429913,0.9326915330415708,0.890588911642281,0.9326915330415708,False,115,387536,1144751
104000,0.0001236979011796498,0.03091521273339455,0.00012012969249177528,8.910234627442999e-05,1.00990099009901,1.0,0.09900990099009899,/home/users/t/trickovi/scratch/sourmash/sourmash-hash-manipulation-21/51_1000_union/specific_hashomes.sbt.zip,2864001001,eaa49d7aec2e09cdaef772438649f06a,0.03183348637894092,101000,84,2273000,output/trimmed_reads/sample0/sample0_R2.fastq.gz,sample0,0155d648,840758000,51,DNA,1000,840758,True,0.8382617574377065,0.9346409138726681,0.8864513356551873,0.9346409138726681,False,102,387638,1144751
100000,0.0001189402895958171,0.03382949932341001,0.0001189402895958171,8.910234627442999e-05,1.02,1.0,0.13999999999999999,/home/users/t/trickovi/scratch/sourmash/sourmash-hash-manipulation-21/51_1000_union/specific_hashomes.sbt.zip,3944001001,e11161e9e2692102e49af1101c91145f,0.03382949932341001,100000,85,2173000,output/trimmed_reads/sample0/sample0_R2.fastq.gz,sample0,0155d648,840758000,51,DNA,1000,840758,True,0.8376173538037638,0.935756081403922,0.8866867176038429,0.935756081403922,False,102,387740,1144751
87000,0.00010347805194836088,0.03176341730558598,0.00010347805194836088,7.774616488651244e-05,1.0229885057471264,1.0,0.14986672195868161,/home/users/t/trickovi/scratch/sourmash/sourmash-hash-manipulation-21/51_1000_union/specific_hashomes.sbt.zip,1237001001,ec1c0e40afdee2da8551038d21d585e4,0.03176341730558598,87000,86,2086000,output/trimmed_reads/sample0/sample0_R2.fastq.gz,sample0,0155d648,840758000,51,DNA,1000,840758,True,0.8353332516948925,0.9346005320605624,0.8849668918777274,0.9346005320605624,False,89,387829,1144751
103000,0.0001225084982836916,0.015278024515899805,0.00010228864905240272,7.687261247205725e-05,1.0232558139534884,1.0,0.1507148999629735,/home/users/t/trickovi/scratch/sourmash/sourmash-hash-manipulation-21/51_1000_union/specific_hashomes.sbt.zip,193001001,1526a107ead0b490446b34ceb3ee699f,0.018298099129507906,86000,87,2000000,output/trimmed_reads/sample0/sample0_R2.fastq.gz,sample0,0155d648,840758000,51,DNA,1000,840758,True,0.8381029644323159,0.9245481394003223,0.8813255519163191,0.9245481394003223,False,88,387917,1144751
84000,9.990984326048638e-05,0.02551640340218712,9.990984326048638e-05,7.337840281423646e-05,1.0,1.0,0.0,/home/users/t/trickovi/scratch/sourmash/sourmash-hash-manipulation-21/51_1000_union/specific_hashomes.sbt.zip,2685001001,491b13279f603e9425acaabd0f26fecb,0.02551640340218712,84000,88,1916000,output/trimmed_reads/sample0/sample0_R2.fastq.gz,sample0,0155d648,840758000,51,DNA,1000,840758,True,0.83475868573432,0.9305959665912249,0.8826773261627725,0.9305959665912249,False,84,388001,1144751
115000,0.00013678133303518967,0.015955401768550558,9.87204403645282e-05,7.425195522869166e-05,1.0240963855421688,1.0,0.15334845857057658,/home/users/t/trickovi/scratch/sourmash/sourmash-hash-manipulation-21/51_1000_union/specific_hashomes.sbt.zip,2161001001,2b390e9a31f72b1fdd21bd80260297f4,0.022106881968473664,83000,89,1833000,output/trimmed_reads/sample0/sample0_R2.fastq.gz,sample0,0155d648,840758000,51,DNA,1000,840758,True,0.8399159338425031,0.927982432550329,0.883949183196416,0.927982432550329,False,85,388086,1144751
76000,9.0394620092821e-05,0.02653927813163482,8.920521719686283e-05,6.638998349859489e-05,1.0133333333333334,1.0,0.11469767022723507,/home/users/t/trickovi/scratch/sourmash/sourmash-hash-manipulation-21/51_1000_union/specific_hashomes.sbt.zip,4664001002,f5362a0bcdac2d1393b43e42522fb210,0.02689313517338995,75000,90,1758000,output/trimmed_reads/sample0/sample0_R2.fastq.gz,sample0,0155d648,840758000,51,DNA,1000,840758,True,0.8331221442798332,0.9315553311543712,0.8823387377171021,0.9315553311543712,False,76,388162,1144751
74000,8.801581430090466e-05,0.025819958129797628,8.801581430090466e-05,6.55164310841397e-05,1.0135135135135136,1.0,0.11545951007185853,/home/users/t/trickovi/scratch/sourmash/sourmash-hash-manipulation-21/51_1000_union/specific_hashomes.sbt.zip,2102001001,6160fd6be8e2dfa3a979c2eb74d1e262,0.025819958129797628,74000,91,1684000,output/trimmed_reads/sample0/sample0_R2.fastq.gz,sample0,0155d648,840758000,51,DNA,1000,840758,True,0.8326866129218289,0.930811784916432,0.8817491989191304,0.930811784916432,False,75,388237,1144751
82000,9.753103746857003e-05,0.01768990634755463,8.087939692515564e-05,6.202222142631891e-05,1.0441176470588236,1.0,0.2675500793920625,/home/users/t/trickovi/scratch/sourmash/sourmash-hash-manipulation-21/51_1000_union/specific_hashomes.sbt.zip,236001002,88814aa8d627231136fd7d972eb4f967,0.02133194588969823,68000,92,1616000,output/trimmed_reads/sample0/sample0_R2.fastq.gz,sample0,0155d648,840758000,51,DNA,1000,840758,True,0.8343643545793451,0.9273333775304748,0.88084886605491,0.9273333775304748,False,71,388308,1144751
287000,0.0003413586311399951,0.008583690987124463,7.850059113323929e-05,5.765445935404293e-05,1.0,1.0,0.0,/home/users/t/trickovi/scratch/sourmash/sourmash-hash-manipulation-21/51_1000_union/specific_hashomes.sbt.zip,3233001001,3a1d397ceb4d4ac9d5162cb982a16749,0.037326050201586684,66000,93,1550000,output/trimmed_reads/sample0/sample0_R2.fastq.gz,sample0,0155d648,840758000,51,DNA,1000,840758,True,0.8551134607165892,0.9375625163994733,0.8963379885580313,0.9375625163994733,False,66,388374,1144751
56000,6.660656217365758e-05,0.027184466019417475,6.660656217365758e-05,4.9792487623946166e-05,1.0178571428571428,1.0,0.13243211584099399,/home/users/t/trickovi/scratch/sourmash/sourmash-hash-manipulation-21/51_1000_union/specific_hashomes.sbt.zip,2164001001,3f33da32eaa9da98a079b949c0bcfa44,0.027184466019417475,56000,94,1494000,output/trimmed_reads/sample0/sample0_R2.fastq.gz,sample0,0155d648,840758000,51,DNA,1000,840758,True,0.8281484185053256,0.9317521594831712,0.8799502889942484,0.9317521594831712,False,57,388431,1144751
664000,0.0007897635229162256,0.009572901325478646,6.18489505898249e-05,4.629827796612539e-05,1.0192307692307692,1.0,0.13733516208736252,/home/users/t/trickovi/scratch/sourmash/sourmash-hash-manipulation-21/51_1000_union/specific_hashomes.sbt.zip,1814001001,67f89a40ef6c3539e688292aae1718b8,0.12223858615611193,52000,95,1442000,output/trimmed_reads/sample0/sample0_R2.fastq.gz,sample0,0155d648,840758000,51,DNA,1000,840758,True,0.8692938542131966,0.9596262600783128,0.9144600571457546,0.9596262600783128,False,53,388484,1144751
107000,0.0001272661098675243,0.007985257985257985,6.18489505898249e-05,0.00018868732152232232,4.153846153846154,4.0,2.5898070568511424,/home/users/t/trickovi/scratch/sourmash/sourmash-hash-manipulation-21/51_1000_union/specific_hashomes.sbt.zip,2281001002,afdb079f98ee1a4a464c7eca841eecc1,0.016431203931203932,52000,96,1390000,output/trimmed_reads/sample0/sample0_R2.fastq.gz,sample0,0155d648,840758000,51,DNA,1000,840758,True,0.8387293080476841,0.9225993094533121,0.8806643087504982,0.9225993094533121,False,216,388700,1144751
51000,6.065954769386672e-05,0.01830581478822685,6.065954769386672e-05,4.717183038058058e-05,1.0588235294117647,1.0,0.23529411764705882,/home/users/t/trickovi/scratch/sourmash/sourmash-hash-manipulation-21/51_1000_union/specific_hashomes.sbt.zip,859001001,0f023b7acd08b305c173075ff37a5966,0.01830581478822685,51000,97,1339000,output/trimmed_reads/sample0/sample0_R2.fastq.gz,sample0,0155d648,840758000,51,DNA,1000,840758,True,0.8266311149438765,0.9245557819212062,0.8755934484325414,0.9245557819212062,False,54,388754,1144751
51000,6.065954769386672e-05,0.024015369836695485,5.947014479790855e-05,4.3677620722759795e-05,1.0,1.0,0.0,/home/users/t/trickovi/scratch/sourmash/sourmash-hash-manipulation-21/51_1000_union/specific_hashomes.sbt.zip,3848001001,721d09b3f4acbb36b7c2d8bfa5b76eec,0.024495677233429394,50000,98,1289000,output/trimmed_reads/sample0/sample0_R2.fastq.gz,sample0,0155d648,840758000,51,DNA,1000,840758,True,0.8266311149438765,0.9298513343907775,0.878241224667327,0.9298513343907775,False,50,388804,1144751
52000,6.18489505898249e-05,0.016794961511546535,5.709133900599221e-05,4.28040683083046e-05,1.0208333333333333,1.0,0.1428261375083551,/home/users/t/trickovi/scratch/sourmash/sourmash-hash-manipulation-21/51_1000_union/specific_hashomes.sbt.zip,3259001001,fe44ee88c3c7fcf9bc048229dba7e4bd,0.01819454163750875,48000,99,1241000,output/trimmed_reads/sample0/sample0_R2.fastq.gz,sample0,0155d648,840758000,51,DNA,1000,840758,True,0.82694591200557,0.9244452566462795,0.8756955843259248,0.9244452566462795,False,49,388853,1144751
46000,5.471253321407587e-05,0.017543859649122806,5.471253321407587e-05,4.105696347939421e-05,1.0217391304347827,1.0,0.14583052027172538,/home/users/t/trickovi/scratch/sourmash/sourmash-hash-manipulation-21/51_1000_union/specific_hashomes.sbt.zip,4316001001,0db61d6bdecaff5b6381e0db9e786335,0.017543859649122806,46000,100,1195000,output/trimmed_reads/sample0/sample0_R2.fastq.gz,sample0,0155d648,840758000,51,DNA,1000,840758,True,0.8249603488102751,0.9237853726019886,0.8743728607061318,0.9237853726019886,False,47,388900,1144751
436000,0.0005185796626377626,0.0031593406593406594,5.471253321407587e-05,5.765445935404293e-05,1.434782608695652,1.0,1.4985815599664423,/home/users/t/trickovi/scratch/sourmash/sourmash-hash-manipulation-21/51_1000_union/specific_hashomes.sbt.zip,2330001001,6ebdc220ea16665acf063b0899caee5b,0.029945054945054946,46000,101,1149000,output/trimmed_reads/sample0/sample0_R2.fastq.gz,sample0,0155d648,840758000,51,DNA,1000,840758,True,0.8621535430180115,0.9335208490880215,0.8978371960530165,0.9335208490880215,False,66,388966,1144751
56000,6.660656217365758e-05,0.0052178450300026085,4.7576115838326846e-05,3.494209657820784e-05,1.0,1.0,0.0,/home/users/t/trickovi/scratch/sourmash/sourmash-hash-manipulation-21/51_1000_union/specific_hashomes.sbt.zip,1591001001,1ab2a49afbad08b3eaa1d1f47d31da36,0.007304983042003652,40000,102,1109000,output/trimmed_reads/sample0/sample0_R2.fastq.gz,sample0,0155d648,840758000,51,DNA,1000,840758,True,0.8281484185053256,0.9080508737135556,0.8680996461094406,0.9080508737135556,False,40,389006,1144751
122000,0.00014510715330689686,0.007501875468867217,4.7576115838326846e-05,0.00012317089043818264,3.525,3.0,2.097468712519927,/home/users/t/trickovi/scratch/sourmash/sourmash-hash-manipulation-21/51_1000_union/specific_hashomes.sbt.zip,2281001001,7e41360574ff98e838fe29ec1ccdf3fa,0.02288072018004501,40000,103,1069000,output/trimmed_reads/sample0/sample0_R2.fastq.gz,sample0,0155d648,840758000,51,DNA,1000,840758,True,0.8408896296097882,0.9286086803866531,0.8847491549982207,0.9286086803866531,False,141,389147,1144751
44000,5.233372742215953e-05,0.022010707911957167,4.400790715045233e-05,4.105696347939421e-05,1.2702702702702702,1.0,0.5525688729800236,/home/users/t/trickovi/scratch/sourmash/sourmash-hash-manipulation-21/51_1000_union/specific_hashomes.sbt.zip,1014001001,9e09d9e65e9af50e11b8184b7482768c,0.026174895895300417,37000,104,1032000,output/trimmed_reads/sample0/sample0_R2.fastq.gz,sample0,0155d648,840758000,51,DNA,1000,840758,True,0.8242416240074716,0.9310610023500812,0.8776513131787764,0.9310610023500812,False,47,389194,1144751
66000,7.850059113323929e-05,0.004041720990873533,3.6871489774703304e-05,2.7953677262566268e-05,1.032258064516129,1.0,0.17668469596940847,/home/users/t/trickovi/scratch/sourmash/sourmash-hash-manipulation-21/51_1000_union/specific_hashomes.sbt.zip,2047001002,6dd83d1f251c197d3885c878ff48180a,0.008604954367666232,31000,105,1001000,output/trimmed_reads/sample0/sample0_R2.fastq.gz,sample0,0155d648,840758000,51,DNA,1000,840758,True,0.8308207072662227,0.9109716757622323,0.8708961915142275,0.9109716757622323,False,32,389226,1144751
34000,4.043969846257782e-05,0.006580390436499232,3.568208687874513e-05,3.7562753821573424e-05,1.4333333333333333,1.0,1.430229196861662,/home/users/t/trickovi/scratch/sourmash/sourmash-hash-manipulation-21/51_1000_union/specific_hashomes.sbt.zip,50001001,b1577ecf207167b65b5f0a872269c4b9,0.007457775828032464,30000,106,971000,output/trimmed_reads/sample0/sample0_R2.fastq.gz,sample0,0155d648,840758000,51,DNA,1000,840758,True,0.8200852081291738,0.9084195192443524,0.8642523636867632,0.9084195192443524,False,43,389269,1144751
72000,8.563700850898832e-05,0.008867868755542418,3.568208687874513e-05,2.620657243365588e-05,1.0,1.0,0.0,/home/users/t/trickovi/scratch/sourmash/sourmash-hash-manipulation-21/51_1000_union/specific_hashomes.sbt.zip,1641001001,638438cd3a9a16fafb0cea599f779a95,0.021282885013301802,30000,107,941000,output/trimmed_reads/sample0/sample0_R2.fastq.gz,sample0,0155d648,840758000,51,DNA,1000,840758,True,0.8322393848498594,0.9272915116111832,0.8797654482305213,0.9272915116111832,False,30,389299,1144751
29000,3.449268398278696e-05,0.009972489683631361,3.449268398278696e-05,2.5333020019200683e-05,1.0,1.0,0.0,/home/users/t/trickovi/scratch/sourmash/sourmash-hash-manipulation-21/51_1000_union/specific_hashomes.sbt.zip,3194001001,9db085a27016b348991489c63f16fe07,0.009972489683631361,29000,108,912000,output/trimmed_reads/sample0/sample0_R2.fastq.gz,sample0,0155d648,840758000,51,DNA,1000,840758,True,0.8175314161967334,0.9136100216277417,0.8655707189122376,0.9136100216277417,False,29,389328,1144751
30000,3.568208687874513e-05,0.007615546218487395,3.449268398278696e-05,2.5333020019200683e-05,1.0,1.0,0.0,/home/users/t/trickovi/scratch/sourmash/sourmash-hash-manipulation-21/51_1000_union/specific_hashomes.sbt.zip,4116001001,7c653af20e3310a6574bf766c43885ae,0.007878151260504201,29000,109,883000,output/trimmed_reads/sample0/sample0_R2.fastq.gz,sample0,0155d648,840758000,51,DNA,1000,840758,True,0.8180750396746058,0.9093967921935089,0.8637359159340574,0.9093967921935089,False,29,389357,1144751
216000,0.00025691102552696495,0.004148762779671062,3.330328108682879e-05,3.3194991749297446e-05,1.3571428571428572,1.0,0.5486532677049006,/home/users/t/trickovi/scratch/sourmash/sourmash-hash-manipulation-21/51_1000_union/specific_hashomes.sbt.zip,2983001001,3afa133879995f1f1ea271de5c671c55,0.03200474144317677,28000,110,855000,output/trimmed_reads/sample0/sample0_R2.fastq.gz,sample0,0155d648,840758000,51,DNA,1000,840758,True,0.8503614879650027,0.9347392450173637,0.8925503664911831,0.9347392450173637,False,38,389395,1144751
34000,4.043969846257782e-05,0.01790633608815427,3.092447529491245e-05,4.629827796612539e-05,2.0384615384615383,2.0,0.8978936561483656,/home/users/t/trickovi/scratch/sourmash/sourmash-hash-manipulation-21/51_1000_union/specific_hashomes.sbt.zip,785001001,d77e0dcb723fdef90f90efe526aefa35,0.023415977961432508,26000,111,829000,output/trimmed_reads/sample0/sample0_R2.fastq.gz,sample0,0155d648,840758000,51,DNA,1000,840758,True,0.8200852081291738,0.9290298173312419,0.8745575127302079,0.9290298173312419,False,53,389448,1144751
56000,6.660656217365758e-05,0.004404510218463707,2.9735072398954276e-05,2.1838810361379897e-05,1.0,1.0,0.0,/home/users/t/trickovi/scratch/sourmash/sourmash-hash-manipulation-21/51_1000_union/specific_hashomes.sbt.zip,3047001001,b920f14a8dec7f0085f1f1d42674b487,0.009866102889358703,25000,112,804000,output/trimmed_reads/sample0/sample0_R2.fastq.gz,sample0,0155d648,840758000,51,DNA,1000,840758,True,0.8281484185053256,0.9134179089451685,0.870783163725247,0.9134179089451685,False,25,389473,1144751
22000,2.6166863711079765e-05,0.005072630850818538,2.6166863711079765e-05,1.9218153118014312e-05,1.0,1.0,0.0,/home/users/t/trickovi/scratch/sourmash/sourmash-hash-manipulation-21/51_1000_union/specific_hashomes.sbt.zip,5034001001,b58fbdd088901289a97ae67a62fd1669,0.005072630850818538,22000,113,782000,output/trimmed_reads/sample0/sample0_R2.fastq.gz,sample0,0155d648,840758000,51,DNA,1000,840758,True,0.8131150388647694,0.9015806324011422,0.8573478356329558,0.9015806324011422,False,22,389495,1144751
196000,0.00023312296760780152,0.009753831862517418,2.4977460815121594e-05,1.8344600703559116e-05,1.0,1.0,0.0,/home/users/t/trickovi/scratch/sourmash/sourmash-hash-manipulation-21/51_1000_union/specific_hashomes.sbt.zip,4745001001,108f4997d259bd13de09a971125bbc18,0.09103576405016256,21000,114,761000,output/trimmed_reads/sample0/sample0_R2.fastq.gz,sample0,0155d648,840758000,51,DNA,1000,840758,True,0.8487429457507052,0.9540966983390583,0.9014198220448817,0.9540966983390583,False,21,389516,1144751
159000,0.0001891150604573492,0.007829977628635347,2.4977460815121594e-05,4.891893520949097e-05,2.6666666666666665,2.0,1.391584685352615,/home/users/t/trickovi/scratch/sourmash/sourmash-hash-manipulation-21/51_1000_union/specific_hashomes.sbt.zip,2196001001,09445e617136ceed0f5b132c51d37901,0.0592841163310962,21000,115,740000,output/trimmed_reads/sample0/sample0_R2.fastq.gz,sample0,0155d648,840758000,51,DNA,1000,840758,True,0.8452683929138756,0.9461063724545858,0.8956873826842306,0.9461063724545858,False,56,389572,1144751
88000,0.00010466745484431906,0.006213109661385523,2.3788057919163423e-05,1.747104828910392e-05,1.0,1.0,0.0,/home/users/t/trickovi/scratch/sourmash/sourmash-hash-manipulation-21/51_1000_union/specific_hashomes.sbt.zip,4744001001,3bf5d98a94056bd4090d3dfff554b9d7,0.027337682510096304,20000,116,720000,output/trimmed_reads/sample0/sample0_R2.fastq.gz,sample0,0155d648,840758000,51,DNA,1000,840758,True,0.8355204642321983,0.9318548470469717,0.883687655639585,0.9318548470469717,False,20,389592,1144751
99000,0.00011775088669985894,0.0075969612155137945,2.259865502320525e-05,3.494209657820784e-05,2.1052631578947367,2.0,0.9676198058342229,/home/users/t/trickovi/scratch/sourmash/sourmash-hash-manipulation-21/51_1000_union/specific_hashomes.sbt.zip,4794001002,fba3b2e2f83be89184eb700b930f5d12,0.03958416633346661,19000,117,701000,output/trimmed_reads/sample0/sample0_R2.fastq.gz,sample0,0155d648,840758000,51,DNA,1000,840758,True,0.8374523046607139,0.9386429479316859,0.8880476262961998,0.9386429479316859,False,40,389632,1144751
34000,4.043969846257782e-05,0.004746440169872595,2.259865502320525e-05,1.6597495874648723e-05,1.0,1.0,0.0,/home/users/t/trickovi/scratch/sourmash/sourmash-hash-manipulation-21/51_1000_union/specific_hashomes.sbt.zip,2002001001,ab013e89df3509732fe9c5bf11fc732e,0.00849362977766675,19000,118,682000,output/trimmed_reads/sample0/sample0_R2.fastq.gz,sample0,0155d648,840758000,51,DNA,1000,840758,True,0.8200852081291738,0.9107391096985946,0.8654121589138842,0.9107391096985946,False,19,389651,1144751
51000,6.065954769386672e-05,0.008053055423969682,2.021984923128891e-05,1.485039104573833e-05,1.0,1.0,0.0,/home/users/t/trickovi/scratch/sourmash/sourmash-hash-manipulation-21/51_1000_union/specific_hashomes.sbt.zip,4852001001,34e459488c82f3855573f96916573281,0.024159166271909047,17000,119,665000,output/trimmed_reads/sample0/sample0_R2.fastq.gz,sample0,0155d648,840758000,51,DNA,1000,840758,True,0.8266311149438765,0.9295991637611069,0.8781151393524917,0.9295991637611069,False,17,389668,1144751
555000,0.0006601186072567849,0.0027772956084013193,1.9030446335330738e-05,1.3976838631283134e-05,1.0,1.0,0.0,/home/users/t/trickovi/scratch/sourmash/sourmash-hash-manipulation-21/51_1000_union/specific_hashomes.sbt.zip,1869001001,32dd295ff10044d5c91c65b31c93937c,0.09633744141642075,16000,120,649000,output/trimmed_reads/sample0/sample0_R2.fastq.gz,sample0,0155d648,840758000,51,DNA,1000,840758,True,0.8662428173099137,0.9551562325690537,0.9106995249394837,0.9551562325690537,False,16,389684,1144751
