model	test_study	data_type	roc_auc	accuracy	recall	f1_score	top_features	n_top_features	random_state	median	std
LBGM	VogtmannE_2016	subspecies	0.6695636094674556	0.625	0.2692307692307692	0.417910447761194		2	424	0.669840976331361	0.010322490583487463
LBGM	VogtmannE_2016	subspecies	0.6616124260355029	0.6634615384615384	0.36538461538461536	0.5205479452054794		4	424	0.662352071005917	0.0054990501963400416
LBGM	VogtmannE_2016	subspecies	0.6630917159763313	0.625	0.40384615384615385	0.5185185185185185		8	424	0.6734467455621302	0.005367878499389119
LBGM	VogtmannE_2016	subspecies	0.6841715976331361	0.6442307692307693	0.4807692307692308	0.5747126436781609		16	424	0.6841715976331362	0.004241777745090015
LBGM	VogtmannE_2016	subspecies	0.6305473372781064	0.6730769230769231	0.4807692307692308	0.5952380952380952		32	424	0.6281434911242603	0.003779715262613868
LBGM	VogtmannE_2016	subspecies	0.6538461538461539	0.6923076923076923	0.5	0.6190476190476191		64	424	0.6495931952662721	0.008971191895159636
LBGM	VogtmannE_2016	subspecies	0.6634615384615383	0.7019230769230769	0.4807692307692308	0.6172839506172839		128	424	0.647189349112426	0.009681849384352847
LBGM	VogtmannE_2016	subspecies	0.6605029585798816	0.7019230769230769	0.4807692307692308	0.6172839506172839		all	424	0.6623520710059172	0.011917557877934512
LBGM	VogtmannE_2016	subspecies	0.6508875739644969	0.625	0.2692307692307692	0.417910447761194		2	646	0.669840976331361	0.010322490583487463
LBGM	VogtmannE_2016	subspecies	0.664016272189349	0.6730769230769231	0.36538461538461536	0.5277777777777778		4	646	0.662352071005917	0.0054990501963400416
LBGM	VogtmannE_2016	subspecies	0.6719674556213017	0.6346153846153846	0.4423076923076923	0.5476190476190477		8	646	0.6734467455621302	0.005367878499389119
LBGM	VogtmannE_2016	subspecies	0.6819526627218935	0.6442307692307693	0.4807692307692308	0.5747126436781609		16	646	0.6841715976331362	0.004241777745090015
LBGM	VogtmannE_2016	subspecies	0.6264792899408285	0.6730769230769231	0.4807692307692308	0.5952380952380952		32	646	0.6281434911242603	0.003779715262613868
LBGM	VogtmannE_2016	subspecies	0.6501479289940829	0.6826923076923077	0.4807692307692308	0.6024096385542168		64	646	0.6495931952662721	0.008971191895159636
LBGM	VogtmannE_2016	subspecies	0.6446005917159763	0.7019230769230769	0.4807692307692308	0.6172839506172839		128	646	0.647189349112426	0.009681849384352847
LBGM	VogtmannE_2016	subspecies	0.6590236686390532	0.7019230769230769	0.4807692307692308	0.6172839506172839		all	646	0.6623520710059172	0.011917557877934512
LBGM	VogtmannE_2016	subspecies	0.6712278106508877	0.625	0.2692307692307692	0.417910447761194		2	968	0.669840976331361	0.010322490583487463
LBGM	VogtmannE_2016	subspecies	0.6762204142011834	0.6634615384615384	0.36538461538461536	0.5205479452054794		4	968	0.662352071005917	0.0054990501963400416
LBGM	VogtmannE_2016	subspecies	0.6786242603550297	0.6346153846153846	0.4230769230769231	0.5365853658536585		8	968	0.6734467455621302	0.005367878499389119
LBGM	VogtmannE_2016	subspecies	0.6934171597633135	0.6346153846153846	0.4807692307692308	0.5681818181818181		16	968	0.6841715976331362	0.004241777745090015
LBGM	VogtmannE_2016	subspecies	0.6294378698224852	0.6634615384615384	0.46153846153846156	0.5783132530120482		32	968	0.6281434911242603	0.003779715262613868
LBGM	VogtmannE_2016	subspecies	0.6590236686390532	0.6923076923076923	0.5	0.6190476190476191		64	968	0.6495931952662721	0.008971191895159636
LBGM	VogtmannE_2016	subspecies	0.6431213017751478	0.7019230769230769	0.4807692307692308	0.6172839506172839		128	968	0.647189349112426	0.009681849384352847
LBGM	VogtmannE_2016	subspecies	0.6638313609467457	0.7019230769230769	0.4807692307692308	0.6172839506172839		all	968	0.6623520710059172	0.011917557877934512
LBGM	VogtmannE_2016	subspecies	0.6499630177514792	0.625	0.2692307692307692	0.417910447761194		2	375	0.669840976331361	0.010322490583487463
LBGM	VogtmannE_2016	subspecies	0.6649408284023668	0.6538461538461539	0.36538461538461536	0.5135135135135135		4	375	0.662352071005917	0.0054990501963400416
LBGM	VogtmannE_2016	subspecies	0.6715976331360947	0.6442307692307693	0.46153846153846156	0.5647058823529413		8	375	0.6734467455621302	0.005367878499389119
LBGM	VogtmannE_2016	subspecies	0.6786242603550297	0.6346153846153846	0.4807692307692308	0.5681818181818181		16	375	0.6841715976331362	0.004241777745090015
LBGM	VogtmannE_2016	subspecies	0.6209319526627219	0.6634615384615384	0.46153846153846156	0.5783132530120482		32	375	0.6281434911242603	0.003779715262613868
LBGM	VogtmannE_2016	subspecies	0.6335059171597633	0.7019230769230769	0.5192307692307693	0.6352941176470589		64	375	0.6495931952662721	0.008971191895159636
LBGM	VogtmannE_2016	subspecies	0.6316568047337278	0.6923076923076923	0.46153846153846156	0.6		128	375	0.647189349112426	0.009681849384352847
LBGM	VogtmannE_2016	subspecies	0.6608727810650887	0.7019230769230769	0.4807692307692308	0.6172839506172839		all	375	0.6623520710059172	0.011917557877934512
LBGM	VogtmannE_2016	subspecies	0.6508875739644969	0.625	0.2692307692307692	0.417910447761194		2	603	0.669840976331361	0.010322490583487463
LBGM	VogtmannE_2016	subspecies	0.6571745562130177	0.6634615384615384	0.36538461538461536	0.5205479452054794		4	603	0.662352071005917	0.0054990501963400416
LBGM	VogtmannE_2016	subspecies	0.6830621301775147	0.6346153846153846	0.4423076923076923	0.5476190476190477		8	603	0.6734467455621302	0.005367878499389119
LBGM	VogtmannE_2016	subspecies	0.6856508875739645	0.625	0.4423076923076923	0.5411764705882354		16	603	0.6841715976331362	0.004241777745090015
LBGM	VogtmannE_2016	subspecies	0.625	0.6634615384615384	0.46153846153846156	0.5783132530120482		32	603	0.6281434911242603	0.003779715262613868
LBGM	VogtmannE_2016	subspecies	0.6335059171597632	0.6826923076923077	0.5	0.6117647058823529		64	603	0.6495931952662721	0.008971191895159636
LBGM	VogtmannE_2016	subspecies	0.6497781065088757	0.6923076923076923	0.46153846153846156	0.6		128	603	0.647189349112426	0.009681849384352847
LBGM	VogtmannE_2016	subspecies	0.6686390532544378	0.6923076923076923	0.46153846153846156	0.6		all	603	0.6623520710059172	0.011917557877934512
LBGM	VogtmannE_2016	subspecies	0.6531065088757396	0.625	0.2692307692307692	0.417910447761194		2	508	0.669840976331361	0.010322490583487463
LBGM	VogtmannE_2016	subspecies	0.6575443786982249	0.6634615384615384	0.36538461538461536	0.5205479452054794		4	508	0.662352071005917	0.0054990501963400416
LBGM	VogtmannE_2016	subspecies	0.6752958579881656	0.6346153846153846	0.4230769230769231	0.5365853658536585		8	508	0.6734467455621302	0.005367878499389119
LBGM	VogtmannE_2016	subspecies	0.6900887573964497	0.6346153846153846	0.4807692307692308	0.5681818181818181		16	508	0.6841715976331362	0.004241777745090015
LBGM	VogtmannE_2016	subspecies	0.632766272189349	0.6634615384615384	0.46153846153846156	0.5783132530120482		32	508	0.6281434911242603	0.003779715262613868
LBGM	VogtmannE_2016	subspecies	0.6497781065088757	0.7115384615384616	0.5192307692307693	0.6428571428571429		64	508	0.6495931952662721	0.008971191895159636
LBGM	VogtmannE_2016	subspecies	0.6545857988165681	0.7019230769230769	0.4807692307692308	0.6172839506172839		128	508	0.647189349112426	0.009681849384352847
LBGM	VogtmannE_2016	subspecies	0.6771449704142011	0.6923076923076923	0.46153846153846156	0.6		all	508	0.6623520710059172	0.011917557877934512
LBGM	VogtmannE_2016	subspecies	0.6734467455621302	0.625	0.2692307692307692	0.417910447761194		2	251	0.669840976331361	0.010322490583487463
LBGM	VogtmannE_2016	subspecies	0.6630917159763312	0.6634615384615384	0.34615384615384615	0.5070422535211268		4	251	0.662352071005917	0.0054990501963400416
LBGM	VogtmannE_2016	subspecies	0.6719674556213018	0.6442307692307693	0.4423076923076923	0.5542168674698795		8	251	0.6734467455621302	0.005367878499389119
LBGM	VogtmannE_2016	subspecies	0.6856508875739645	0.6153846153846154	0.4423076923076923	0.5348837209302325		16	251	0.6841715976331362	0.004241777745090015
LBGM	VogtmannE_2016	subspecies	0.6305473372781065	0.6538461538461539	0.4423076923076923	0.5609756097560975		32	251	0.6281434911242603	0.003779715262613868
LBGM	VogtmannE_2016	subspecies	0.6405325443786982	0.7211538461538461	0.5384615384615384	0.6588235294117647		64	251	0.6495931952662721	0.008971191895159636
LBGM	VogtmannE_2016	subspecies	0.6342455621301776	0.6826923076923077	0.4423076923076923	0.5822784810126582		128	251	0.647189349112426	0.009681849384352847
LBGM	VogtmannE_2016	subspecies	0.6460798816568046	0.6730769230769231	0.4423076923076923	0.575		all	251	0.6623520710059172	0.011917557877934512
LBGM	VogtmannE_2016	subspecies	0.6715976331360948	0.625	0.2692307692307692	0.417910447761194		2	598	0.669840976331361	0.010322490583487463
LBGM	VogtmannE_2016	subspecies	0.6584689349112426	0.6634615384615384	0.36538461538461536	0.5205479452054794		4	598	0.662352071005917	0.0054990501963400416
LBGM	VogtmannE_2016	subspecies	0.6782544378698225	0.6346153846153846	0.4423076923076923	0.5476190476190477		8	598	0.6734467455621302	0.005367878499389119
LBGM	VogtmannE_2016	subspecies	0.683801775147929	0.625	0.46153846153846156	0.5517241379310346		16	598	0.6841715976331362	0.004241777745090015
LBGM	VogtmannE_2016	subspecies	0.6264792899408284	0.6634615384615384	0.46153846153846156	0.5783132530120482		32	598	0.6281434911242603	0.003779715262613868
LBGM	VogtmannE_2016	subspecies	0.6571745562130178	0.6826923076923077	0.4807692307692308	0.6024096385542168		64	598	0.6495931952662721	0.008971191895159636
LBGM	VogtmannE_2016	subspecies	0.6516272189349113	0.6923076923076923	0.46153846153846156	0.6		128	598	0.647189349112426	0.009681849384352847
LBGM	VogtmannE_2016	subspecies	0.6401627218934911	0.6634615384615384	0.4423076923076923	0.5679012345679012		all	598	0.6623520710059172	0.011917557877934512
LBGM	VogtmannE_2016	subspecies	0.67030325443787	0.625	0.2692307692307692	0.417910447761194		2	946	0.669840976331361	0.010322490583487463
LBGM	VogtmannE_2016	subspecies	0.6634615384615385	0.6538461538461539	0.36538461538461536	0.5135135135135135		4	946	0.662352071005917	0.0054990501963400416
LBGM	VogtmannE_2016	subspecies	0.6723372781065089	0.6538461538461539	0.46153846153846156	0.5714285714285714		8	946	0.6734467455621302	0.005367878499389119
LBGM	VogtmannE_2016	subspecies	0.6841715976331362	0.6346153846153846	0.4807692307692308	0.5681818181818181		16	946	0.6841715976331362	0.004241777745090015
LBGM	VogtmannE_2016	subspecies	0.6268491124260355	0.6634615384615384	0.4807692307692308	0.5882352941176471		32	946	0.6281434911242603	0.003779715262613868
LBGM	VogtmannE_2016	subspecies	0.6494082840236687	0.7115384615384616	0.5192307692307693	0.6428571428571429		64	946	0.6495931952662721	0.008971191895159636
LBGM	VogtmannE_2016	subspecies	0.6431213017751478	0.6826923076923077	0.46153846153846156	0.5925925925925927		128	946	0.647189349112426	0.009681849384352847
LBGM	VogtmannE_2016	subspecies	0.6645710059171598	0.6923076923076923	0.46153846153846156	0.6		all	946	0.6623520710059172	0.011917557877934512
LBGM	VogtmannE_2016	subspecies	0.6701183431952663	0.625	0.2692307692307692	0.417910447761194		2	851	0.669840976331361	0.010322490583487463
LBGM	VogtmannE_2016	subspecies	0.6603180473372781	0.6346153846153846	0.34615384615384615	0.4864864864864865		4	851	0.662352071005917	0.0054990501963400416
LBGM	VogtmannE_2016	subspecies	0.6745562130177515	0.6346153846153846	0.4423076923076923	0.5476190476190477		8	851	0.6734467455621302	0.005367878499389119
LBGM	VogtmannE_2016	subspecies	0.6815828402366864	0.6346153846153846	0.46153846153846156	0.558139534883721		16	851	0.6841715976331362	0.004241777745090015
LBGM	VogtmannE_2016	subspecies	0.6331360946745562	0.6634615384615384	0.46153846153846156	0.5783132530120482		32	851	0.6281434911242603	0.003779715262613868
LBGM	VogtmannE_2016	subspecies	0.6460798816568047	0.7019230769230769	0.5192307692307693	0.6352941176470589		64	851	0.6495931952662721	0.008971191895159636
LBGM	VogtmannE_2016	subspecies	0.654215976331361	0.6923076923076923	0.4807692307692308	0.6097560975609756		128	851	0.647189349112426	0.009681849384352847
LBGM	VogtmannE_2016	subspecies	0.6778846153846154	0.7019230769230769	0.4807692307692308	0.6172839506172839		all	851	0.6623520710059172	0.011917557877934512
LBGM	ThomasAM_2018a	subspecies	0.5858823529411764	0.4523809523809524	0.12	0.20689655172413793		2	424	0.5882352941176471	0.0012150535988102195
LBGM	ThomasAM_2018a	subspecies	0.6670588235294118	0.5238095238095238	0.24	0.375		4	424	0.668235294117647	0.010387346278364424
LBGM	ThomasAM_2018a	subspecies	0.6364705882352941	0.6428571428571429	0.72	0.7058823529411765		8	424	0.6329411764705882	0.00873022563723569
LBGM	ThomasAM_2018a	subspecies	0.7717647058823529	0.6904761904761905	0.8	0.7547169811320756		16	424	0.7717647058823529	0.006765132126383633
LBGM	ThomasAM_2018a	subspecies	0.8211764705882353	0.7380952380952381	0.92	0.8070175438596492		32	424	0.8200000000000001	0.007424100119968131
LBGM	ThomasAM_2018a	subspecies	0.7694117647058824	0.7142857142857143	0.92	0.793103448275862		64	424	0.788235294117647	0.01668211510104529
LBGM	ThomasAM_2018a	subspecies	0.76	0.6904761904761905	0.88	0.7719298245614036		128	424	0.7411764705882353	0.013731091294126752
LBGM	ThomasAM_2018a	subspecies	0.7835294117647058	0.7380952380952381	0.92	0.8070175438596492		all	424	0.7741176470588236	0.0069268712677081155
LBGM	ThomasAM_2018a	subspecies	0.5882352941176471	0.4523809523809524	0.12	0.20689655172413793		2	646	0.5882352941176471	0.0012150535988102195
LBGM	ThomasAM_2018a	subspecies	0.6541176470588236	0.5238095238095238	0.24	0.375		4	646	0.668235294117647	0.010387346278364424
LBGM	ThomasAM_2018a	subspecies	0.62	0.5952380952380952	0.68	0.6666666666666666		8	646	0.6329411764705882	0.00873022563723569
LBGM	ThomasAM_2018a	subspecies	0.7717647058823528	0.7380952380952381	0.8	0.7843137254901961		16	646	0.7717647058823529	0.006765132126383633
LBGM	ThomasAM_2018a	subspecies	0.8117647058823529	0.7619047619047619	0.96	0.8275862068965517		32	646	0.8200000000000001	0.007424100119968131
LBGM	ThomasAM_2018a	subspecies	0.7858823529411765	0.6904761904761905	0.88	0.7719298245614036		64	646	0.788235294117647	0.01668211510104529
LBGM	ThomasAM_2018a	subspecies	0.7411764705882353	0.6904761904761905	0.92	0.7796610169491526		128	646	0.7411764705882353	0.013731091294126752
LBGM	ThomasAM_2018a	subspecies	0.7741176470588236	0.7142857142857143	0.96	0.7999999999999999		all	646	0.7741176470588236	0.0069268712677081155
LBGM	ThomasAM_2018a	subspecies	0.5882352941176471	0.4523809523809524	0.12	0.20689655172413793		2	968	0.5882352941176471	0.0012150535988102195
LBGM	ThomasAM_2018a	subspecies	0.6458823529411765	0.5238095238095238	0.24	0.375		4	968	0.668235294117647	0.010387346278364424
LBGM	ThomasAM_2018a	subspecies	0.631764705882353	0.6428571428571429	0.72	0.7058823529411765		8	968	0.6329411764705882	0.00873022563723569
LBGM	ThomasAM_2018a	subspecies	0.7811764705882352	0.7142857142857143	0.8	0.7692307692307692		16	968	0.7717647058823529	0.006765132126383633
LBGM	ThomasAM_2018a	subspecies	0.8235294117647058	0.7857142857142857	1.0	0.8474576271186441		32	968	0.8200000000000001	0.007424100119968131
LBGM	ThomasAM_2018a	subspecies	0.7835294117647059	0.6904761904761905	0.88	0.7719298245614036		64	968	0.788235294117647	0.01668211510104529
LBGM	ThomasAM_2018a	subspecies	0.7341176470588235	0.6904761904761905	0.92	0.7796610169491526		128	968	0.7411764705882353	0.013731091294126752
LBGM	ThomasAM_2018a	subspecies	0.776470588235294	0.6904761904761905	0.92	0.7796610169491526		all	968	0.7741176470588236	0.0069268712677081155
LBGM	ThomasAM_2018a	subspecies	0.5858823529411764	0.4523809523809524	0.12	0.20689655172413793		2	375	0.5882352941176471	0.0012150535988102195
LBGM	ThomasAM_2018a	subspecies	0.6752941176470589	0.5	0.2	0.3225806451612903		4	375	0.668235294117647	0.010387346278364424
LBGM	ThomasAM_2018a	subspecies	0.6352941176470588	0.6428571428571429	0.72	0.7058823529411765		8	375	0.6329411764705882	0.00873022563723569
LBGM	ThomasAM_2018a	subspecies	0.771764705882353	0.7380952380952381	0.8	0.7843137254901961		16	375	0.7717647058823529	0.006765132126383633
LBGM	ThomasAM_2018a	subspecies	0.8258823529411764	0.7142857142857143	0.88	0.7857142857142856		32	375	0.8200000000000001	0.007424100119968131
LBGM	ThomasAM_2018a	subspecies	0.7976470588235294	0.6666666666666666	0.88	0.7586206896551725		64	375	0.788235294117647	0.01668211510104529
LBGM	ThomasAM_2018a	subspecies	0.7717647058823529	0.6904761904761905	0.88	0.7719298245614036		128	375	0.7411764705882353	0.013731091294126752
LBGM	ThomasAM_2018a	subspecies	0.7811764705882354	0.6904761904761905	0.88	0.7719298245614036		all	375	0.7741176470588236	0.0069268712677081155
LBGM	ThomasAM_2018a	subspecies	0.5858823529411764	0.4523809523809524	0.12	0.20689655172413793		2	603	0.5882352941176471	0.0012150535988102195
LBGM	ThomasAM_2018a	subspecies	0.6788235294117647	0.5238095238095238	0.24	0.375		4	603	0.668235294117647	0.010387346278364424
LBGM	ThomasAM_2018a	subspecies	0.6152941176470588	0.6190476190476191	0.76	0.7037037037037037		8	603	0.6329411764705882	0.00873022563723569
LBGM	ThomasAM_2018a	subspecies	0.7741176470588236	0.7142857142857143	0.8	0.7692307692307692		16	603	0.7717647058823529	0.006765132126383633
LBGM	ThomasAM_2018a	subspecies	0.8164705882352942	0.7619047619047619	0.96	0.8275862068965517		32	603	0.8200000000000001	0.007424100119968131
LBGM	ThomasAM_2018a	subspecies	0.7905882352941176	0.6666666666666666	0.88	0.7586206896551725		64	603	0.788235294117647	0.01668211510104529
LBGM	ThomasAM_2018a	subspecies	0.7388235294117647	0.6428571428571429	0.8	0.7272727272727272		128	603	0.7411764705882353	0.013731091294126752
LBGM	ThomasAM_2018a	subspecies	0.7576470588235293	0.7142857142857143	0.88	0.7857142857142856		all	603	0.7741176470588236	0.0069268712677081155
LBGM	ThomasAM_2018a	subspecies	0.5882352941176471	0.4523809523809524	0.12	0.20689655172413793		2	508	0.5882352941176471	0.0012150535988102195
LBGM	ThomasAM_2018a	subspecies	0.6552941176470589	0.5238095238095238	0.24	0.375		4	508	0.668235294117647	0.010387346278364424
LBGM	ThomasAM_2018a	subspecies	0.64	0.5952380952380952	0.64	0.6530612244897959		8	508	0.6329411764705882	0.00873022563723569
LBGM	ThomasAM_2018a	subspecies	0.7717647058823529	0.7380952380952381	0.8	0.7843137254901961		16	508	0.7717647058823529	0.006765132126383633
LBGM	ThomasAM_2018a	subspecies	0.8305882352941176	0.7380952380952381	0.88	0.8		32	508	0.8200000000000001	0.007424100119968131
LBGM	ThomasAM_2018a	subspecies	0.7764705882352941	0.6666666666666666	0.88	0.7586206896551725		64	508	0.788235294117647	0.01668211510104529
LBGM	ThomasAM_2018a	subspecies	0.7552941176470589	0.6904761904761905	0.84	0.7636363636363636		128	508	0.7411764705882353	0.013731091294126752
LBGM	ThomasAM_2018a	subspecies	0.7741176470588236	0.7380952380952381	0.88	0.8		all	508	0.7741176470588236	0.0069268712677081155
LBGM	ThomasAM_2018a	subspecies	0.5882352941176471	0.4523809523809524	0.12	0.20689655172413793		2	251	0.5882352941176471	0.0012150535988102195
LBGM	ThomasAM_2018a	subspecies	0.6694117647058824	0.5238095238095238	0.24	0.375		4	251	0.668235294117647	0.010387346278364424
LBGM	ThomasAM_2018a	subspecies	0.6223529411764706	0.6190476190476191	0.68	0.68		8	251	0.6329411764705882	0.00873022563723569
LBGM	ThomasAM_2018a	subspecies	0.7717647058823529	0.7142857142857143	0.8	0.7692307692307692		16	251	0.7717647058823529	0.006765132126383633
LBGM	ThomasAM_2018a	subspecies	0.8094117647058824	0.7380952380952381	0.92	0.8070175438596492		32	251	0.8200000000000001	0.007424100119968131
LBGM	ThomasAM_2018a	subspecies	0.8094117647058824	0.6904761904761905	0.88	0.7719298245614036		64	251	0.788235294117647	0.01668211510104529
LBGM	ThomasAM_2018a	subspecies	0.7411764705882353	0.6666666666666666	0.88	0.7586206896551725		128	251	0.7411764705882353	0.013731091294126752
LBGM	ThomasAM_2018a	subspecies	0.7717647058823529	0.7142857142857143	0.88	0.7857142857142856		all	251	0.7741176470588236	0.0069268712677081155
LBGM	ThomasAM_2018a	subspecies	0.5858823529411764	0.4523809523809524	0.12	0.20689655172413793		2	598	0.5882352941176471	0.0012150535988102195
LBGM	ThomasAM_2018a	subspecies	0.6623529411764707	0.5238095238095238	0.24	0.375		4	598	0.668235294117647	0.010387346278364424
LBGM	ThomasAM_2018a	subspecies	0.6341176470588235	0.6428571428571429	0.72	0.7058823529411765		8	598	0.6329411764705882	0.00873022563723569
LBGM	ThomasAM_2018a	subspecies	0.7600000000000001	0.7142857142857143	0.8	0.7692307692307692		16	598	0.7717647058823529	0.006765132126383633
LBGM	ThomasAM_2018a	subspecies	0.8094117647058823	0.7380952380952381	0.92	0.8070175438596492		32	598	0.8200000000000001	0.007424100119968131
LBGM	ThomasAM_2018a	subspecies	0.8117647058823529	0.6904761904761905	0.88	0.7719298245614036		64	598	0.788235294117647	0.01668211510104529
LBGM	ThomasAM_2018a	subspecies	0.76	0.6904761904761905	0.88	0.7719298245614036		128	598	0.7411764705882353	0.013731091294126752
LBGM	ThomasAM_2018a	subspecies	0.7741176470588236	0.7380952380952381	0.88	0.8		all	598	0.7741176470588236	0.0069268712677081155
LBGM	ThomasAM_2018a	subspecies	0.5882352941176471	0.4523809523809524	0.12	0.20689655172413793		2	946	0.5882352941176471	0.0012150535988102195
LBGM	ThomasAM_2018a	subspecies	0.6694117647058824	0.5238095238095238	0.24	0.375		4	946	0.668235294117647	0.010387346278364424
LBGM	ThomasAM_2018a	subspecies	0.6411764705882352	0.6428571428571429	0.72	0.7058823529411765		8	946	0.6329411764705882	0.00873022563723569
LBGM	ThomasAM_2018a	subspecies	0.7717647058823529	0.7380952380952381	0.8	0.7843137254901961		16	946	0.7717647058823529	0.006765132126383633
LBGM	ThomasAM_2018a	subspecies	0.8188235294117647	0.7380952380952381	0.92	0.8070175438596492		32	946	0.8200000000000001	0.007424100119968131
LBGM	ThomasAM_2018a	subspecies	0.7741176470588235	0.6666666666666666	0.84	0.75		64	946	0.788235294117647	0.01668211510104529
LBGM	ThomasAM_2018a	subspecies	0.7388235294117647	0.6666666666666666	0.88	0.7586206896551725		128	946	0.7411764705882353	0.013731091294126752
LBGM	ThomasAM_2018a	subspecies	0.7717647058823529	0.6904761904761905	0.88	0.7719298245614036		all	946	0.7741176470588236	0.0069268712677081155
LBGM	ThomasAM_2018a	subspecies	0.5882352941176471	0.4523809523809524	0.12	0.20689655172413793		2	851	0.5882352941176471	0.0012150535988102195
LBGM	ThomasAM_2018a	subspecies	0.6717647058823529	0.5238095238095238	0.24	0.375		4	851	0.668235294117647	0.010387346278364424
LBGM	ThomasAM_2018a	subspecies	0.631764705882353	0.6190476190476191	0.68	0.68		8	851	0.6329411764705882	0.00873022563723569
LBGM	ThomasAM_2018a	subspecies	0.7858823529411766	0.7380952380952381	0.8	0.7843137254901961		16	851	0.7717647058823529	0.006765132126383633
LBGM	ThomasAM_2018a	subspecies	0.8258823529411765	0.7380952380952381	0.92	0.8070175438596492		32	851	0.8200000000000001	0.007424100119968131
LBGM	ThomasAM_2018a	subspecies	0.8164705882352942	0.6666666666666666	0.84	0.75		64	851	0.788235294117647	0.01668211510104529
LBGM	ThomasAM_2018a	subspecies	0.7294117647058823	0.6666666666666666	0.88	0.7586206896551725		128	851	0.7411764705882353	0.013731091294126752
LBGM	ThomasAM_2018a	subspecies	0.776470588235294	0.7142857142857143	0.92	0.793103448275862		all	851	0.7741176470588236	0.0069268712677081155
LBGM	YuJ_2015	subspecies	0.7981896991330952	0.7559055118110236	0.6486486486486487	0.7559055118110237		2	424	0.7989546149923508	0.0007330905542358354
LBGM	YuJ_2015	subspecies	0.7521672616012239	0.7165354330708661	0.6216216216216216	0.7187499999999999		4	424	0.7549082100968894	0.005171455888439583
LBGM	YuJ_2015	subspecies	0.7758796532381438	0.6929133858267716	0.6486486486486487	0.711111111111111		8	424	0.7758796532381438	0.0036634815676104457
LBGM	YuJ_2015	subspecies	0.8090260071392148	0.7480314960629921	0.7567567567567568	0.7777777777777778		16	424	0.8063488016318204	0.0027149158995774664
LBGM	YuJ_2015	subspecies	0.8490566037735849	0.8110236220472441	0.8243243243243243	0.8356164383561645		32	424	0.845996940336563	0.0035886792902093847
LBGM	YuJ_2015	subspecies	0.8783783783783783	0.7795275590551181	0.7432432432432432	0.7971014492753623		64	424	0.868434472208057	0.005645900225175794
LBGM	YuJ_2015	subspecies	0.8704742478327383	0.8267716535433071	0.8243243243243243	0.8472222222222222		128	424	0.8694543600203977	0.004821674764875178
LBGM	YuJ_2015	subspecies	0.8799082100968894	0.8110236220472441	0.7837837837837838	0.8285714285714285		all	424	0.8787608363080062	0.006202337974935486
LBGM	YuJ_2015	subspecies	0.8002294747577765	0.7559055118110236	0.6486486486486487	0.7559055118110237		2	646	0.7989546149923508	0.0007330905542358354
LBGM	YuJ_2015	subspecies	0.754589495155533	0.7244094488188977	0.6216216216216216	0.7244094488188977		4	646	0.7549082100968894	0.005171455888439583
LBGM	YuJ_2015	subspecies	0.7781744008159103	0.6929133858267716	0.6621621621621622	0.7153284671532847		8	646	0.7758796532381438	0.0036634815676104457
LBGM	YuJ_2015	subspecies	0.8092809790922999	0.7322834645669292	0.7432432432432432	0.7638888888888888		16	646	0.8063488016318204	0.0027149158995774664
LBGM	YuJ_2015	subspecies	0.8457419683834778	0.7874015748031497	0.8108108108108109	0.8163265306122449		32	646	0.845996940336563	0.0035886792902093847
LBGM	YuJ_2015	subspecies	0.8742988271290159	0.8110236220472441	0.7972972972972973	0.8309859154929577		64	646	0.868434472208057	0.005645900225175794
LBGM	YuJ_2015	subspecies	0.8732789393166752	0.8346456692913385	0.8108108108108109	0.851063829787234		128	646	0.8694543600203977	0.004821674764875178
LBGM	YuJ_2015	subspecies	0.8829678735339113	0.8267716535433071	0.7837837837837838	0.8405797101449275		all	646	0.8787608363080062	0.006202337974935486
LBGM	YuJ_2015	subspecies	0.7990821009688933	0.7559055118110236	0.6486486486486487	0.7559055118110237		2	968	0.7989546149923508	0.0007330905542358354
LBGM	YuJ_2015	subspecies	0.7552269250382457	0.7165354330708661	0.6216216216216216	0.7187499999999999		4	968	0.7549082100968894	0.005171455888439583
LBGM	YuJ_2015	subspecies	0.7718001019887812	0.6850393700787402	0.6351351351351351	0.7014925373134329		8	968	0.7758796532381438	0.0036634815676104457
LBGM	YuJ_2015	subspecies	0.8069862315145333	0.7401574803149606	0.7297297297297297	0.7659574468085106		16	968	0.8063488016318204	0.0027149158995774664
LBGM	YuJ_2015	subspecies	0.8396226415094341	0.7716535433070866	0.7972972972972973	0.802721088435374		32	968	0.845996940336563	0.0035886792902093847
LBGM	YuJ_2015	subspecies	0.8630800611932687	0.7874015748031497	0.7972972972972973	0.8137931034482759		64	968	0.868434472208057	0.005645900225175794
LBGM	YuJ_2015	subspecies	0.8635900050994392	0.8110236220472441	0.7972972972972973	0.8309859154929577		128	968	0.8694543600203977	0.004821674764875178
LBGM	YuJ_2015	subspecies	0.8753187149413564	0.8267716535433071	0.8243243243243243	0.8472222222222222		all	968	0.8787608363080062	0.006202337974935486
LBGM	YuJ_2015	subspecies	0.7989546149923508	0.7480314960629921	0.6216216216216216	0.7419354838709677		2	375	0.7989546149923508	0.0007330905542358354
LBGM	YuJ_2015	subspecies	0.757266700662927	0.7165354330708661	0.6216216216216216	0.7187499999999999		4	375	0.7549082100968894	0.005171455888439583
LBGM	YuJ_2015	subspecies	0.7758796532381438	0.6850393700787402	0.6351351351351351	0.7014925373134329		8	375	0.7758796532381438	0.0036634815676104457
LBGM	YuJ_2015	subspecies	0.8057113717491076	0.7480314960629921	0.7297297297297297	0.7714285714285715		16	375	0.8063488016318204	0.0027149158995774664
LBGM	YuJ_2015	subspecies	0.8498215196328402	0.8031496062992126	0.8243243243243243	0.8299319727891157		32	375	0.845996940336563	0.0035886792902093847
LBGM	YuJ_2015	subspecies	0.8694543600203978	0.8031496062992126	0.7702702702702703	0.8201438848920863		64	375	0.868434472208057	0.005645900225175794
LBGM	YuJ_2015	subspecies	0.8732789393166752	0.8188976377952756	0.8108108108108109	0.8391608391608392		128	375	0.8694543600203977	0.004821674764875178
LBGM	YuJ_2015	subspecies	0.8748087710351862	0.8267716535433071	0.8108108108108109	0.8450704225352113		all	375	0.8787608363080062	0.006202337974935486
LBGM	YuJ_2015	subspecies	0.7984446710861804	0.7480314960629921	0.6216216216216216	0.7419354838709677		2	603	0.7989546149923508	0.0007330905542358354
LBGM	YuJ_2015	subspecies	0.7644059153493115	0.7165354330708661	0.6216216216216216	0.7187499999999999		4	603	0.7549082100968894	0.005171455888439583
LBGM	YuJ_2015	subspecies	0.7748597654258031	0.6771653543307087	0.6351351351351351	0.6962962962962963		8	603	0.7758796532381438	0.0036634815676104457
LBGM	YuJ_2015	subspecies	0.8008669046404895	0.7559055118110236	0.7432432432432432	0.7801418439716312		16	603	0.8063488016318204	0.0027149158995774664
LBGM	YuJ_2015	subspecies	0.8434472208057114	0.7637795275590551	0.8243243243243243	0.8026315789473683		32	603	0.845996940336563	0.0035886792902093847
LBGM	YuJ_2015	subspecies	0.86511983681795	0.7952755905511811	0.7837837837837838	0.8169014084507041		64	603	0.868434472208057	0.005645900225175794
LBGM	YuJ_2015	subspecies	0.8691993880673126	0.8110236220472441	0.7972972972972973	0.8309859154929577		128	603	0.8694543600203977	0.004821674764875178
LBGM	YuJ_2015	subspecies	0.8663946965833759	0.7952755905511811	0.7837837837837838	0.8169014084507041		all	603	0.8787608363080062	0.006202337974935486
LBGM	YuJ_2015	subspecies	0.8002294747577765	0.7559055118110236	0.6486486486486487	0.7559055118110237		2	508	0.7989546149923508	0.0007330905542358354
LBGM	YuJ_2015	subspecies	0.7508924018357981	0.7165354330708661	0.6216216216216216	0.7187499999999999		4	508	0.7549082100968894	0.005171455888439583
LBGM	YuJ_2015	subspecies	0.7776644569097398	0.6771653543307087	0.6486486486486487	0.7007299270072993		8	508	0.7758796532381438	0.0036634815676104457
LBGM	YuJ_2015	subspecies	0.8069862315145333	0.7322834645669292	0.7432432432432432	0.7638888888888888		16	508	0.8063488016318204	0.0027149158995774664
LBGM	YuJ_2015	subspecies	0.8498215196328405	0.8110236220472441	0.8243243243243243	0.8356164383561645		32	508	0.845996940336563	0.0035886792902093847
LBGM	YuJ_2015	subspecies	0.8750637429882713	0.8031496062992126	0.7837837837837838	0.8226950354609929		64	508	0.868434472208057	0.005645900225175794
LBGM	YuJ_2015	subspecies	0.8697093319734828	0.84251968503937	0.8243243243243243	0.8591549295774648		128	508	0.8694543600203977	0.004821674764875178
LBGM	YuJ_2015	subspecies	0.887302396736359	0.8110236220472441	0.7837837837837838	0.8285714285714285		all	508	0.8787608363080062	0.006202337974935486
LBGM	YuJ_2015	subspecies	0.7981896991330953	0.7559055118110236	0.6486486486486487	0.7559055118110237		2	251	0.7989546149923508	0.0007330905542358354
LBGM	YuJ_2015	subspecies	0.7474502804691483	0.7165354330708661	0.6216216216216216	0.7187499999999999		4	251	0.7549082100968894	0.005171455888439583
LBGM	YuJ_2015	subspecies	0.7761346251912289	0.7086614173228346	0.6756756756756757	0.72992700729927		8	251	0.7758796532381438	0.0036634815676104457
LBGM	YuJ_2015	subspecies	0.8021417644059153	0.7322834645669292	0.7162162162162162	0.7571428571428571		16	251	0.8063488016318204	0.0027149158995774664
LBGM	YuJ_2015	subspecies	0.8462519122896481	0.7952755905511811	0.8243243243243243	0.8243243243243243		32	251	0.845996940336563	0.0035886792902093847
LBGM	YuJ_2015	subspecies	0.868434472208057	0.8110236220472441	0.7702702702702703	0.8260869565217391		64	251	0.868434472208057	0.005645900225175794
LBGM	YuJ_2015	subspecies	0.8768485466598674	0.8267716535433071	0.7972972972972973	0.8428571428571429		128	251	0.8694543600203977	0.004821674764875178
LBGM	YuJ_2015	subspecies	0.8834778174400816	0.8188976377952756	0.7567567567567568	0.8296296296296297		all	251	0.8787608363080062	0.006202337974935486
LBGM	YuJ_2015	subspecies	0.7989546149923508	0.7559055118110236	0.6486486486486487	0.7559055118110237		2	598	0.7989546149923508	0.0007330905542358354
LBGM	YuJ_2015	subspecies	0.7601988781234065	0.7165354330708661	0.6081081081081081	0.7142857142857144		4	598	0.7549082100968894	0.005171455888439583
LBGM	YuJ_2015	subspecies	0.7661907190209077	0.6771653543307087	0.6486486486486487	0.7007299270072993		8	598	0.7758796532381438	0.0036634815676104457
LBGM	YuJ_2015	subspecies	0.8069862315145335	0.7322834645669292	0.7297297297297297	0.7605633802816901		16	598	0.8063488016318204	0.0027149158995774664
LBGM	YuJ_2015	subspecies	0.8408975012748598	0.7716535433070866	0.8108108108108109	0.8053691275167786		32	598	0.845996940336563	0.0035886792902093847
LBGM	YuJ_2015	subspecies	0.8600203977562468	0.7874015748031497	0.7837837837837838	0.8111888111888113		64	598	0.868434472208057	0.005645900225175794
LBGM	YuJ_2015	subspecies	0.8610402855685875	0.8267716535433071	0.8108108108108109	0.8450704225352113		128	598	0.8694543600203977	0.004821674764875178
LBGM	YuJ_2015	subspecies	0.8811830698623151	0.8267716535433071	0.8378378378378378	0.8493150684931507		all	598	0.8787608363080062	0.006202337974935486
LBGM	YuJ_2015	subspecies	0.798572157062723	0.7480314960629921	0.6216216216216216	0.7419354838709677		2	946	0.7989546149923508	0.0007330905542358354
LBGM	YuJ_2015	subspecies	0.749107598164202	0.7244094488188977	0.6216216216216216	0.7244094488188977		4	946	0.7549082100968894	0.005171455888439583
LBGM	YuJ_2015	subspecies	0.7774094849566547	0.6929133858267716	0.6486486486486487	0.711111111111111		8	946	0.7758796532381438	0.0036634815676104457
LBGM	YuJ_2015	subspecies	0.8044365119836818	0.7480314960629921	0.7432432432432432	0.7746478873239436		16	946	0.8063488016318204	0.0027149158995774664
LBGM	YuJ_2015	subspecies	0.8477817440081591	0.7795275590551181	0.7972972972972973	0.8082191780821918		32	946	0.845996940336563	0.0035886792902093847
LBGM	YuJ_2015	subspecies	0.8674145843957165	0.7952755905511811	0.7837837837837838	0.8169014084507041		64	946	0.868434472208057	0.005645900225175794
LBGM	YuJ_2015	subspecies	0.86511983681795	0.8110236220472441	0.7972972972972973	0.8309859154929577		128	946	0.8694543600203977	0.004821674764875178
LBGM	YuJ_2015	subspecies	0.877613462519123	0.8110236220472441	0.7972972972972973	0.8309859154929577		all	946	0.8787608363080062	0.006202337974935486
LBGM	YuJ_2015	subspecies	0.7989546149923509	0.7559055118110236	0.6486486486486487	0.7559055118110237		2	851	0.7989546149923508	0.0007330905542358354
LBGM	YuJ_2015	subspecies	0.7568842427332994	0.7165354330708661	0.6216216216216216	0.7187499999999999		4	851	0.7549082100968894	0.005171455888439583
LBGM	YuJ_2015	subspecies	0.7720550739418663	0.6850393700787402	0.6351351351351351	0.7014925373134329		8	851	0.7758796532381438	0.0036634815676104457
LBGM	YuJ_2015	subspecies	0.8057113717491076	0.7401574803149606	0.7432432432432432	0.7692307692307693		16	851	0.8063488016318204	0.0027149158995774664
LBGM	YuJ_2015	subspecies	0.8447220805711373	0.7716535433070866	0.8108108108108109	0.8053691275167786		32	851	0.845996940336563	0.0035886792902093847
LBGM	YuJ_2015	subspecies	0.8684344722080571	0.7716535433070866	0.7567567567567568	0.7943262411347517		64	851	0.868434472208057	0.005645900225175794
LBGM	YuJ_2015	subspecies	0.8681795002549719	0.8188976377952756	0.7972972972972973	0.8368794326241135		128	851	0.8694543600203977	0.004821674764875178
LBGM	YuJ_2015	subspecies	0.8717491075981643	0.8031496062992126	0.7837837837837838	0.8226950354609929		all	851	0.8787608363080062	0.006202337974935486
LBGM	FengQ_2015	subspecies	0.6603706343549537	0.6448598130841121	0.3695652173913043	0.4722222222222222		2	424	0.6427298645759089	0.009223881619293927
LBGM	FengQ_2015	subspecies	0.729151817533856	0.6822429906542056	0.41304347826086957	0.5277777777777778		4	424	0.7289736279401283	0.002726035492501304
LBGM	FengQ_2015	subspecies	0.8257305773342837	0.7570093457943925	0.5869565217391305	0.675		8	424	0.8260869565217391	0.005125511117289832
LBGM	FengQ_2015	subspecies	0.8153955808980755	0.7009345794392523	0.3695652173913043	0.5151515151515151		16	424	0.8153955808980755	0.002833407541293443
LBGM	FengQ_2015	subspecies	0.8642195295794725	0.7663551401869159	0.5217391304347826	0.6575342465753423		32	424	0.8647540983606556	0.00618192066336579
LBGM	FengQ_2015	subspecies	0.8841767640769779	0.7476635514018691	0.45652173913043476	0.608695652173913		64	424	0.8836421952957947	0.010056378274517545
LBGM	FengQ_2015	subspecies	0.8920171062009978	0.7757009345794392	0.4782608695652174	0.6470588235294118		128	424	0.8863150392017107	0.006622220463722271
LBGM	FengQ_2015	subspecies	0.8806129722024234	0.7383177570093458	0.43478260869565216	0.5882352941176471		all	424	0.8745545260156806	0.008394980577821875
LBGM	FengQ_2015	subspecies	0.6423734853884534	0.6542056074766355	0.34782608695652173	0.46376811594202894		2	646	0.6427298645759089	0.009223881619293927
LBGM	FengQ_2015	subspecies	0.7275481111903065	0.6822429906542056	0.41304347826086957	0.5277777777777778		4	646	0.7289736279401283	0.002726035492501304
LBGM	FengQ_2015	subspecies	0.8271560940841054	0.7570093457943925	0.5869565217391305	0.675		8	646	0.8260869565217391	0.005125511117289832
LBGM	FengQ_2015	subspecies	0.8175338560228084	0.6915887850467289	0.3695652173913043	0.5074626865671641		16	646	0.8153955808980755	0.002833407541293443
LBGM	FengQ_2015	subspecies	0.8535281539558089	0.7570093457943925	0.5217391304347826	0.6486486486486486		32	646	0.8647540983606556	0.00618192066336579
LBGM	FengQ_2015	subspecies	0.8684960798289381	0.7383177570093458	0.43478260869565216	0.5882352941176471		64	646	0.8836421952957947	0.010056378274517545
LBGM	FengQ_2015	subspecies	0.8752672843905915	0.7570093457943925	0.45652173913043476	0.6176470588235293		128	646	0.8863150392017107	0.006622220463722271
LBGM	FengQ_2015	subspecies	0.8663578047042053	0.7663551401869159	0.4782608695652174	0.6376811594202898		all	646	0.8745545260156806	0.008394980577821875
LBGM	FengQ_2015	subspecies	0.6587669280114041	0.6355140186915887	0.32608695652173914	0.43478260869565216		2	968	0.6427298645759089	0.009223881619293927
LBGM	FengQ_2015	subspecies	0.7254098360655737	0.6822429906542056	0.41304347826086957	0.5277777777777778		4	968	0.7289736279401283	0.002726035492501304
LBGM	FengQ_2015	subspecies	0.8264433357091946	0.7663551401869159	0.6086956521739131	0.6913580246913581		8	968	0.8260869565217391	0.005125511117289832
LBGM	FengQ_2015	subspecies	0.812544547398432	0.7009345794392523	0.3695652173913043	0.5151515151515151		16	968	0.8153955808980755	0.002833407541293443
LBGM	FengQ_2015	subspecies	0.8652886671418389	0.7663551401869159	0.5	0.647887323943662		32	968	0.8647540983606556	0.00618192066336579
LBGM	FengQ_2015	subspecies	0.8866714183891662	0.7383177570093458	0.41304347826086957	0.5757575757575758		64	968	0.8836421952957947	0.010056378274517545
LBGM	FengQ_2015	subspecies	0.8927298645759087	0.7663551401869159	0.45652173913043476	0.626865671641791		128	968	0.8863150392017107	0.006622220463722271
LBGM	FengQ_2015	subspecies	0.879543834640057	0.7663551401869159	0.4782608695652174	0.6376811594202898		all	968	0.8745545260156806	0.008394980577821875
LBGM	FengQ_2015	subspecies	0.6421952957947257	0.6448598130841121	0.34782608695652173	0.4571428571428571		2	375	0.6427298645759089	0.009223881619293927
LBGM	FengQ_2015	subspecies	0.7307555238774055	0.6822429906542056	0.41304347826086957	0.5277777777777778		4	375	0.7289736279401283	0.002726035492501304
LBGM	FengQ_2015	subspecies	0.8198503207412687	0.7570093457943925	0.5652173913043478	0.6666666666666667		8	375	0.8260869565217391	0.005125511117289832
LBGM	FengQ_2015	subspecies	0.8178902352102637	0.7102803738317757	0.391304347826087	0.5373134328358209		16	375	0.8153955808980755	0.002833407541293443
LBGM	FengQ_2015	subspecies	0.8713471133285816	0.7663551401869159	0.5	0.647887323943662		32	375	0.8647540983606556	0.00618192066336579
LBGM	FengQ_2015	subspecies	0.8959372772630079	0.7383177570093458	0.43478260869565216	0.5882352941176471		64	375	0.8836421952957947	0.010056378274517545
LBGM	FengQ_2015	subspecies	0.8934426229508197	0.7476635514018691	0.41304347826086957	0.5846153846153846		128	375	0.8863150392017107	0.006622220463722271
LBGM	FengQ_2015	subspecies	0.883464005702067	0.7289719626168224	0.391304347826087	0.5538461538461538		all	375	0.8745545260156806	0.008394980577821875
LBGM	FengQ_2015	subspecies	0.6429080541696366	0.6542056074766355	0.3695652173913043	0.4788732394366197		2	603	0.6427298645759089	0.009223881619293927
LBGM	FengQ_2015	subspecies	0.7216678545972914	0.6822429906542056	0.41304347826086957	0.5277777777777778		4	603	0.7289736279401283	0.002726035492501304
LBGM	FengQ_2015	subspecies	0.8284034212401994	0.7570093457943925	0.5652173913043478	0.6666666666666667		8	603	0.8260869565217391	0.005125511117289832
LBGM	FengQ_2015	subspecies	0.8153955808980755	0.6915887850467289	0.3695652173913043	0.5074626865671641		16	603	0.8153955808980755	0.002833407541293443
LBGM	FengQ_2015	subspecies	0.8599429793300071	0.7476635514018691	0.5	0.6301369863013698		32	603	0.8647540983606556	0.00618192066336579
LBGM	FengQ_2015	subspecies	0.8677833214540271	0.7289719626168224	0.41304347826086957	0.5671641791044776		64	603	0.8836421952957947	0.010056378274517545
LBGM	FengQ_2015	subspecies	0.8766928011404134	0.7663551401869159	0.45652173913043476	0.626865671641791		128	603	0.8863150392017107	0.006622220463722271
LBGM	FengQ_2015	subspecies	0.8635067712045617	0.7289719626168224	0.41304347826086957	0.5671641791044776		all	603	0.8745545260156806	0.008394980577821875
LBGM	FengQ_2015	subspecies	0.6605488239486814	0.6448598130841121	0.3695652173913043	0.4722222222222222		2	508	0.6427298645759089	0.009223881619293927
LBGM	FengQ_2015	subspecies	0.7273699215965788	0.6822429906542056	0.41304347826086957	0.5277777777777778		4	508	0.7289736279401283	0.002726035492501304
LBGM	FengQ_2015	subspecies	0.8335709194583036	0.7570093457943925	0.5652173913043478	0.6666666666666667		8	508	0.8260869565217391	0.005125511117289832
LBGM	FengQ_2015	subspecies	0.8221667854597292	0.7102803738317757	0.3695652173913043	0.5230769230769231		16	508	0.8153955808980755	0.002833407541293443
LBGM	FengQ_2015	subspecies	0.8667141838916607	0.7476635514018691	0.4782608695652174	0.619718309859155		32	508	0.8647540983606556	0.00618192066336579
LBGM	FengQ_2015	subspecies	0.8845331432644333	0.7383177570093458	0.43478260869565216	0.5882352941176471		64	508	0.8836421952957947	0.010056378274517545
LBGM	FengQ_2015	subspecies	0.8845331432644334	0.7570093457943925	0.45652173913043476	0.6176470588235293		128	508	0.8863150392017107	0.006622220463722271
LBGM	FengQ_2015	subspecies	0.8713471133285816	0.7757009345794392	0.5	0.6571428571428571		all	508	0.8745545260156806	0.008394980577821875
LBGM	FengQ_2015	subspecies	0.6425516749821811	0.6448598130841121	0.32608695652173914	0.4411764705882353		2	251	0.6427298645759089	0.009223881619293927
LBGM	FengQ_2015	subspecies	0.7300427655024946	0.6822429906542056	0.41304347826086957	0.5277777777777778		4	251	0.7289736279401283	0.002726035492501304
LBGM	FengQ_2015	subspecies	0.829472558802566	0.7570093457943925	0.5869565217391305	0.675		8	251	0.8260869565217391	0.005125511117289832
LBGM	FengQ_2015	subspecies	0.8146828225231647	0.719626168224299	0.3695652173913043	0.53125		16	251	0.8153955808980755	0.002833407541293443
LBGM	FengQ_2015	subspecies	0.8560228082679971	0.7663551401869159	0.4782608695652174	0.6376811594202898		32	251	0.8647540983606556	0.00618192066336579
LBGM	FengQ_2015	subspecies	0.8731290092658589	0.719626168224299	0.391304347826087	0.5454545454545454		64	251	0.8836421952957947	0.010056378274517545
LBGM	FengQ_2015	subspecies	0.8834640057020671	0.7570093457943925	0.45652173913043476	0.6176470588235293		128	251	0.8863150392017107	0.006622220463722271
LBGM	FengQ_2015	subspecies	0.8745545260156806	0.7476635514018691	0.4782608695652174	0.619718309859155		all	251	0.8745545260156806	0.008394980577821875
LBGM	FengQ_2015	subspecies	0.641304347826087	0.6542056074766355	0.34782608695652173	0.46376811594202894		2	598	0.6427298645759089	0.009223881619293927
LBGM	FengQ_2015	subspecies	0.7295081967213115	0.6822429906542056	0.41304347826086957	0.5277777777777778		4	598	0.7289736279401283	0.002726035492501304
LBGM	FengQ_2015	subspecies	0.8191375623663578	0.7570093457943925	0.5869565217391305	0.675		8	598	0.8260869565217391	0.005125511117289832
LBGM	FengQ_2015	subspecies	0.8150392017106202	0.7102803738317757	0.391304347826087	0.5373134328358209		16	598	0.8153955808980755	0.002833407541293443
LBGM	FengQ_2015	subspecies	0.8624376336421953	0.7476635514018691	0.4782608695652174	0.619718309859155		32	598	0.8647540983606556	0.00618192066336579
LBGM	FengQ_2015	subspecies	0.8831076265146116	0.7476635514018691	0.43478260869565216	0.5970149253731344		64	598	0.8836421952957947	0.010056378274517545
LBGM	FengQ_2015	subspecies	0.8909479686386315	0.7757009345794392	0.5	0.6571428571428571		128	598	0.8863150392017107	0.006622220463722271
LBGM	FengQ_2015	subspecies	0.8745545260156806	0.7570093457943925	0.4782608695652174	0.6285714285714286		all	598	0.8745545260156806	0.008394980577821875
LBGM	FengQ_2015	subspecies	0.6418389166072702	0.6542056074766355	0.34782608695652173	0.46376811594202894		2	946	0.6427298645759089	0.009223881619293927
LBGM	FengQ_2015	subspecies	0.729864575908767	0.6822429906542056	0.41304347826086957	0.5277777777777778		4	946	0.7289736279401283	0.002726035492501304
LBGM	FengQ_2015	subspecies	0.8218104062722738	0.7663551401869159	0.5869565217391305	0.6835443037974683		8	946	0.8260869565217391	0.005125511117289832
LBGM	FengQ_2015	subspecies	0.8178902352102637	0.6915887850467289	0.3695652173913043	0.5074626865671641		16	946	0.8153955808980755	0.002833407541293443
LBGM	FengQ_2015	subspecies	0.8727726300784033	0.7570093457943925	0.5	0.6388888888888888		32	946	0.8647540983606556	0.00618192066336579
LBGM	FengQ_2015	subspecies	0.8941553813257306	0.7383177570093458	0.41304347826086957	0.5757575757575758		64	946	0.8836421952957947	0.010056378274517545
LBGM	FengQ_2015	subspecies	0.8880969351389879	0.7570093457943925	0.43478260869565216	0.6060606060606061		128	946	0.8863150392017107	0.006622220463722271
LBGM	FengQ_2015	subspecies	0.8856022808267997	0.7476635514018691	0.4782608695652174	0.619718309859155		all	946	0.8745545260156806	0.008394980577821875
LBGM	FengQ_2015	subspecies	0.6603706343549537	0.6542056074766355	0.34782608695652173	0.46376811594202894		2	851	0.6427298645759089	0.009223881619293927
LBGM	FengQ_2015	subspecies	0.7287954383464006	0.6822429906542056	0.41304347826086957	0.5277777777777778		4	851	0.7289736279401283	0.002726035492501304
LBGM	FengQ_2015	subspecies	0.817712045616536	0.7663551401869159	0.5869565217391305	0.6835443037974683		8	851	0.8260869565217391	0.005125511117289832
LBGM	FengQ_2015	subspecies	0.8129009265858874	0.7009345794392523	0.3695652173913043	0.5151515151515151		16	851	0.8153955808980755	0.002833407541293443
LBGM	FengQ_2015	subspecies	0.8674269422665717	0.7757009345794392	0.5217391304347826	0.6666666666666667		32	851	0.8647540983606556	0.00618192066336579
LBGM	FengQ_2015	subspecies	0.8731290092658588	0.7383177570093458	0.45652173913043476	0.6		64	851	0.8836421952957947	0.010056378274517545
LBGM	FengQ_2015	subspecies	0.8816821097647897	0.7850467289719626	0.5	0.6666666666666666		128	851	0.8863150392017107	0.006622220463722271
LBGM	FengQ_2015	subspecies	0.8613684960798289	0.7476635514018691	0.4782608695652174	0.619718309859155		all	851	0.8745545260156806	0.008394980577821875
LBGM	YachidaS_2019	subspecies	0.6212713178294574	0.6181102362204725	0.3682170542635659	0.49479166666666663		2	424	0.6275542635658915	0.007732050674244349
LBGM	YachidaS_2019	subspecies	0.6629767441860466	0.6200787401574803	0.5077519379844961	0.5758241758241758		4	424	0.663953488372093	0.0023438884655419597
LBGM	YachidaS_2019	subspecies	0.6970620155038759	0.6496062992125984	0.5581395348837209	0.6180257510729614		8	424	0.6962054263565891	0.0010959633885552582
LBGM	YachidaS_2019	subspecies	0.6786976744186046	0.6358267716535433	0.49224806201550386	0.5785876993166287		16	424	0.6784186046511628	0.001090940037117873
LBGM	YachidaS_2019	subspecies	0.6994806201550388	0.6318897637795275	0.5775193798449613	0.6144329896907216		32	424	0.6998914728682171	0.0016220898074281328
LBGM	YachidaS_2019	subspecies	0.6942635658914728	0.6633858267716536	0.6395348837209303	0.6586826347305389		64	424	0.6958604651162791	0.0029105840380368258
LBGM	YachidaS_2019	subspecies	0.7005116279069767	0.65748031496063	0.6627906976744186	0.6627906976744186		128	424	0.7011472868217055	0.0017564986030474193
LBGM	YachidaS_2019	subspecies	0.6988062015503875	0.6633858267716536	0.6821705426356589	0.6730401529636711		all	424	0.7036589147286821	0.003787429389915751
LBGM	YachidaS_2019	subspecies	0.6391162790697674	0.6181102362204725	0.3682170542635659	0.49479166666666663		2	646	0.6275542635658915	0.007732050674244349
LBGM	YachidaS_2019	subspecies	0.6687519379844962	0.6338582677165354	0.5271317829457365	0.5938864628820961		4	646	0.663953488372093	0.0023438884655419597
LBGM	YachidaS_2019	subspecies	0.6947829457364341	0.6476377952755905	0.5581395348837209	0.6167023554603854		8	646	0.6962054263565891	0.0010959633885552582
LBGM	YachidaS_2019	subspecies	0.6804108527131782	0.6496062992125984	0.5077519379844961	0.5954545454545453		16	646	0.6784186046511628	0.001090940037117873
LBGM	YachidaS_2019	subspecies	0.696984496124031	0.6299212598425197	0.5775193798449613	0.6131687242798354		32	646	0.6998914728682171	0.0016220898074281328
LBGM	YachidaS_2019	subspecies	0.6907751937984496	0.6476377952755905	0.624031007751938	0.6427145708582834		64	646	0.6958604651162791	0.0029105840380368258
LBGM	YachidaS_2019	subspecies	0.6997209302325581	0.6614173228346457	0.6782945736434108	0.6704980842911876		128	646	0.7011472868217055	0.0017564986030474193
LBGM	YachidaS_2019	subspecies	0.6985426356589147	0.655511811023622	0.6666666666666666	0.6628131021194604		all	646	0.7036589147286821	0.003787429389915751
LBGM	YachidaS_2019	subspecies	0.6187209302325581	0.6181102362204725	0.3682170542635659	0.49479166666666663		2	968	0.6275542635658915	0.007732050674244349
LBGM	YachidaS_2019	subspecies	0.6635503875968992	0.6240157480314961	0.5116279069767442	0.5802197802197803		4	968	0.663953488372093	0.0023438884655419597
LBGM	YachidaS_2019	subspecies	0.696705426356589	0.6476377952755905	0.5581395348837209	0.6167023554603854		8	968	0.6962054263565891	0.0010959633885552582
LBGM	YachidaS_2019	subspecies	0.6783875968992248	0.6358267716535433	0.49612403100775193	0.5804988662131519		16	968	0.6784186046511628	0.001090940037117873
LBGM	YachidaS_2019	subspecies	0.699906976744186	0.6377952755905512	0.5891472868217055	0.6229508196721312		32	968	0.6998914728682171	0.0016220898074281328
LBGM	YachidaS_2019	subspecies	0.698015503875969	0.6633858267716536	0.6317829457364341	0.6559356136820925		64	968	0.6958604651162791	0.0029105840380368258
LBGM	YachidaS_2019	subspecies	0.7049147286821706	0.65748031496063	0.6472868217054264	0.65748031496063		128	968	0.7011472868217055	0.0017564986030474193
LBGM	YachidaS_2019	subspecies	0.7068527131782945	0.6496062992125984	0.6627906976744186	0.6576923076923077		all	968	0.7036589147286821	0.003787429389915751
LBGM	YachidaS_2019	subspecies	0.6213410852713179	0.6181102362204725	0.3682170542635659	0.49479166666666663		2	375	0.6275542635658915	0.007732050674244349
LBGM	YachidaS_2019	subspecies	0.663124031007752	0.6240157480314961	0.5077519379844961	0.5783664459161149		4	375	0.663953488372093	0.0023438884655419597
LBGM	YachidaS_2019	subspecies	0.6962403100775193	0.6417322834645669	0.5542635658914729	0.6111111111111112		8	375	0.6962054263565891	0.0010959633885552582
LBGM	YachidaS_2019	subspecies	0.677139534883721	0.6338582677165354	0.49224806201550386	0.5772727272727273		16	375	0.6784186046511628	0.001090940037117873
LBGM	YachidaS_2019	subspecies	0.6996744186046512	0.6417322834645669	0.5968992248062015	0.6285714285714284		32	375	0.6998914728682171	0.0016220898074281328
LBGM	YachidaS_2019	subspecies	0.7002015503875968	0.65748031496063	0.6356589147286822	0.6533864541832669		64	375	0.6958604651162791	0.0029105840380368258
LBGM	YachidaS_2019	subspecies	0.701984496124031	0.6535433070866141	0.6782945736434108	0.6653992395437263		128	375	0.7011472868217055	0.0017564986030474193
LBGM	YachidaS_2019	subspecies	0.7029302325581394	0.6515748031496063	0.6782945736434108	0.6641366223908919		all	375	0.7036589147286821	0.003787429389915751
LBGM	YachidaS_2019	subspecies	0.6213333333333335	0.6181102362204725	0.3682170542635659	0.49479166666666663		2	603	0.6275542635658915	0.007732050674244349
LBGM	YachidaS_2019	subspecies	0.6668062015503876	0.6220472440944882	0.5116279069767442	0.5789473684210527		4	603	0.663953488372093	0.0023438884655419597
LBGM	YachidaS_2019	subspecies	0.6965348837209302	0.6476377952755905	0.5581395348837209	0.6167023554603854		8	603	0.6962054263565891	0.0010959633885552582
LBGM	YachidaS_2019	subspecies	0.677062015503876	0.6377952755905512	0.49612403100775193	0.5818181818181818		16	603	0.6784186046511628	0.001090940037117873
LBGM	YachidaS_2019	subspecies	0.7024031007751939	0.6417322834645669	0.5930232558139535	0.6270491803278689		32	603	0.6998914728682171	0.0016220898074281328
LBGM	YachidaS_2019	subspecies	0.6954108527131784	0.6515748031496063	0.624031007751938	0.6452905811623245		64	603	0.6958604651162791	0.0029105840380368258
LBGM	YachidaS_2019	subspecies	0.7005116279069767	0.6515748031496063	0.6627906976744186	0.6589595375722542		128	603	0.7011472868217055	0.0017564986030474193
LBGM	YachidaS_2019	subspecies	0.7038914728682171	0.6437007874015748	0.6782945736434108	0.6591337099811676		all	603	0.7036589147286821	0.003787429389915751
LBGM	YachidaS_2019	subspecies	0.6243488372093022	0.6181102362204725	0.3682170542635659	0.49479166666666663		2	508	0.6275542635658915	0.007732050674244349
LBGM	YachidaS_2019	subspecies	0.6690697674418604	0.6200787401574803	0.5077519379844961	0.5758241758241758		4	508	0.663953488372093	0.0023438884655419597
LBGM	YachidaS_2019	subspecies	0.6961705426356588	0.639763779527559	0.562015503875969	0.6131078224101479		8	508	0.6962054263565891	0.0010959633885552582
LBGM	YachidaS_2019	subspecies	0.6773178294573643	0.6299212598425197	0.4883720930232558	0.5727272727272728		16	508	0.6784186046511628	0.001090940037117873
LBGM	YachidaS_2019	subspecies	0.699875968992248	0.6358267716535433	0.5813953488372093	0.618556701030928		32	508	0.6998914728682171	0.0016220898074281328
LBGM	YachidaS_2019	subspecies	0.6970852713178295	0.6496062992125984	0.6201550387596899	0.6425702811244979		64	508	0.6958604651162791	0.0029105840380368258
LBGM	YachidaS_2019	subspecies	0.7005891472868218	0.6614173228346457	0.6705426356589147	0.667953667953668		128	508	0.7011472868217055	0.0017564986030474193
LBGM	YachidaS_2019	subspecies	0.7053488372093024	0.655511811023622	0.6705426356589147	0.6641074856046066		all	508	0.7036589147286821	0.003787429389915751
LBGM	YachidaS_2019	subspecies	0.6326899224806203	0.6181102362204725	0.3682170542635659	0.49479166666666663		2	251	0.6275542635658915	0.007732050674244349
LBGM	YachidaS_2019	subspecies	0.6631937984496123	0.6181102362204725	0.5038759689922481	0.5726872246696035		4	251	0.663953488372093	0.0023438884655419597
LBGM	YachidaS_2019	subspecies	0.6952945736434109	0.6437007874015748	0.5465116279069767	0.6090712742980562		8	251	0.6962054263565891	0.0010959633885552582
LBGM	YachidaS_2019	subspecies	0.679124031007752	0.6338582677165354	0.4844961240310077	0.573394495412844		16	251	0.6784186046511628	0.001090940037117873
LBGM	YachidaS_2019	subspecies	0.7009612403100776	0.6299212598425197	0.6007751937984496	0.6224899598393575		32	251	0.6998914728682171	0.0016220898074281328
LBGM	YachidaS_2019	subspecies	0.6998449612403101	0.6535433070866141	0.627906976744186	0.648		64	251	0.6958604651162791	0.0029105840380368258
LBGM	YachidaS_2019	subspecies	0.7017054263565892	0.65748031496063	0.6666666666666666	0.6640926640926641		128	251	0.7011472868217055	0.0017564986030474193
LBGM	YachidaS_2019	subspecies	0.7097984496124031	0.6614173228346457	0.686046511627907	0.6730038022813687		all	251	0.7036589147286821	0.003787429389915751
LBGM	YachidaS_2019	subspecies	0.6337674418604651	0.6181102362204725	0.3682170542635659	0.49479166666666663		2	598	0.6275542635658915	0.007732050674244349
LBGM	YachidaS_2019	subspecies	0.6656976744186047	0.6259842519685039	0.5116279069767442	0.5814977973568282		4	598	0.663953488372093	0.0023438884655419597
LBGM	YachidaS_2019	subspecies	0.6947674418604651	0.6496062992125984	0.5658914728682171	0.6212765957446809		8	598	0.6962054263565891	0.0010959633885552582
LBGM	YachidaS_2019	subspecies	0.6785426356589147	0.6377952755905512	0.49224806201550386	0.5799086757990867		16	598	0.6784186046511628	0.001090940037117873
LBGM	YachidaS_2019	subspecies	0.699736434108527	0.6377952755905512	0.5968992248062015	0.6260162601626015		32	598	0.6998914728682171	0.0016220898074281328
LBGM	YachidaS_2019	subspecies	0.6950232558139535	0.639763779527559	0.6317829457364341	0.6404715127701375		64	598	0.6958604651162791	0.0029105840380368258
LBGM	YachidaS_2019	subspecies	0.6986511627906976	0.6515748031496063	0.6472868217054264	0.6536203522504892		128	598	0.7011472868217055	0.0017564986030474193
LBGM	YachidaS_2019	subspecies	0.7034263565891472	0.6377952755905512	0.6511627906976745	0.6461538461538462		all	598	0.7036589147286821	0.003787429389915751
LBGM	YachidaS_2019	subspecies	0.6388914728682171	0.6181102362204725	0.3682170542635659	0.49479166666666663		2	946	0.6275542635658915	0.007732050674244349
LBGM	YachidaS_2019	subspecies	0.6639069767441861	0.6318897637795275	0.5232558139534884	0.5908096280087529		4	946	0.663953488372093	0.0023438884655419597
LBGM	YachidaS_2019	subspecies	0.6974186046511628	0.6515748031496063	0.5697674418604651	0.6242038216560508		8	946	0.6962054263565891	0.0010959633885552582
LBGM	YachidaS_2019	subspecies	0.6770542635658914	0.6318897637795275	0.4844961240310077	0.5720823798627002		16	946	0.6784186046511628	0.001090940037117873
LBGM	YachidaS_2019	subspecies	0.7027829457364341	0.6417322834645669	0.5930232558139535	0.6270491803278689		32	946	0.6998914728682171	0.0016220898074281328
LBGM	YachidaS_2019	subspecies	0.6963100775193798	0.6535433070866141	0.624031007751938	0.646586345381526		64	946	0.6958604651162791	0.0029105840380368258
LBGM	YachidaS_2019	subspecies	0.7026821705426356	0.6594488188976378	0.6550387596899225	0.6614481409001958		128	946	0.7011472868217055	0.0017564986030474193
LBGM	YachidaS_2019	subspecies	0.7092248062015505	0.6673228346456693	0.689922480620155	0.6780952380952381		all	946	0.7036589147286821	0.003787429389915751
LBGM	YachidaS_2019	subspecies	0.6307596899224807	0.6181102362204725	0.3682170542635659	0.49479166666666663		2	851	0.6275542635658915	0.007732050674244349
LBGM	YachidaS_2019	subspecies	0.6639999999999999	0.6338582677165354	0.5271317829457365	0.5938864628820961		4	851	0.663953488372093	0.0023438884655419597
LBGM	YachidaS_2019	subspecies	0.6941627906976744	0.6437007874015748	0.5581395348837209	0.6140724946695096		8	851	0.6962054263565891	0.0010959633885552582
LBGM	YachidaS_2019	subspecies	0.6784496124031008	0.6318897637795275	0.49224806201550386	0.5759637188208616		16	851	0.6784186046511628	0.001090940037117873
LBGM	YachidaS_2019	subspecies	0.7004031007751939	0.6437007874015748	0.6085271317829457	0.6343434343434343		32	851	0.6998914728682171	0.0016220898074281328
LBGM	YachidaS_2019	subspecies	0.6933798449612403	0.6496062992125984	0.624031007751938	0.644		64	851	0.6958604651162791	0.0029105840380368258
LBGM	YachidaS_2019	subspecies	0.7022635658914729	0.655511811023622	0.6589147286821705	0.6601941747572816		128	851	0.7011472868217055	0.0017564986030474193
LBGM	YachidaS_2019	subspecies	0.7033333333333334	0.6456692913385826	0.6744186046511628	0.6590909090909091		all	851	0.7036589147286821	0.003787429389915751
LBGM	ZellerG_2014	subspecies	0.6509433962264151	0.6228070175438597	0.5660377358490566	0.5825242718446602		2	424	0.6503247757500772	0.006265685244353906
LBGM	ZellerG_2014	subspecies	0.7115682029075162	0.6228070175438597	0.7169811320754716	0.6386554621848739		4	424	0.7090163934426228	0.0027908953074080615
LBGM	ZellerG_2014	subspecies	0.774512836374884	0.6842105263157895	0.7735849056603774	0.6949152542372882		8	424	0.7748221466130529	0.0031376318349312106
LBGM	ZellerG_2014	subspecies	0.785029384472626	0.7017543859649122	0.7924528301886793	0.711864406779661		16	424	0.7862666254253017	0.004588854806842722
LBGM	ZellerG_2014	subspecies	0.7970924837612124	0.7105263157894737	0.660377358490566	0.6796116504854369		32	424	0.7995669656665636	0.00287286887421271
LBGM	ZellerG_2014	subspecies	0.8137952366223322	0.7280701754385965	0.6981132075471698	0.7047619047619047		64	424	0.8114754098360655	0.006316209649899098
LBGM	ZellerG_2014	subspecies	0.8388493659140117	0.7719298245614035	0.7169811320754716	0.7450980392156863		128	424	0.8335910918651407	0.006445076715851218
LBGM	ZellerG_2014	subspecies	0.8416331580575317	0.7543859649122807	0.6981132075471698	0.7254901960784315		all	424	0.8388493659140117	0.006898304092002617
LBGM	ZellerG_2014	subspecies	0.6647077018249303	0.631578947368421	0.5660377358490566	0.588235294117647		2	646	0.6503247757500772	0.006265685244353906
LBGM	ZellerG_2014	subspecies	0.7060006186204764	0.631578947368421	0.7169811320754716	0.6440677966101696		4	646	0.7090163934426228	0.0027908953074080615
LBGM	ZellerG_2014	subspecies	0.7791524899474173	0.6754385964912281	0.7358490566037735	0.6782608695652174		8	646	0.7748221466130529	0.0031376318349312106
LBGM	ZellerG_2014	subspecies	0.7899783482833281	0.6929824561403509	0.7735849056603774	0.7008547008547009		16	646	0.7862666254253017	0.004588854806842722
LBGM	ZellerG_2014	subspecies	0.7995669656665636	0.7192982456140351	0.660377358490566	0.6862745098039216		32	646	0.7995669656665636	0.00287286887421271
LBGM	ZellerG_2014	subspecies	0.8162697185276833	0.7280701754385965	0.7358490566037735	0.7155963302752294		64	646	0.8114754098360655	0.006316209649899098
LBGM	ZellerG_2014	subspecies	0.8329724713888029	0.7543859649122807	0.6981132075471698	0.7254901960784315		128	646	0.8335910918651407	0.006445076715851218
LBGM	ZellerG_2014	subspecies	0.8385400556758429	0.7807017543859649	0.7735849056603774	0.7663551401869159		all	646	0.8388493659140117	0.006898304092002617
LBGM	ZellerG_2014	subspecies	0.6463037426538818	0.6403508771929824	0.5660377358490566	0.594059405940594		2	968	0.6503247757500772	0.006265685244353906
LBGM	ZellerG_2014	subspecies	0.7097123414785029	0.6403508771929824	0.7169811320754716	0.6495726495726496		4	968	0.7090163934426228	0.0027908953074080615
LBGM	ZellerG_2014	subspecies	0.7748221466130529	0.6754385964912281	0.7547169811320755	0.6837606837606838		8	968	0.7748221466130529	0.0031376318349312106
LBGM	ZellerG_2014	subspecies	0.7834828332817816	0.6666666666666666	0.7735849056603774	0.6833333333333333		16	968	0.7862666254253017	0.004588854806842722
LBGM	ZellerG_2014	subspecies	0.7961645530467059	0.7017543859649122	0.6226415094339622	0.66		32	968	0.7995669656665636	0.00287286887421271
LBGM	ZellerG_2014	subspecies	0.8045159294772658	0.7368421052631579	0.6981132075471698	0.7115384615384615		64	968	0.8114754098360655	0.006316209649899098
LBGM	ZellerG_2014	subspecies	0.8329724713888029	0.7807017543859649	0.7169811320754716	0.7524752475247525		128	968	0.8335910918651407	0.006445076715851218
LBGM	ZellerG_2014	subspecies	0.8339004021033096	0.7543859649122807	0.7169811320754716	0.7307692307692308		all	968	0.8388493659140117	0.006898304092002617
LBGM	ZellerG_2014	subspecies	0.6480049489638107	0.6403508771929824	0.5660377358490566	0.594059405940594		2	375	0.6503247757500772	0.006265685244353906
LBGM	ZellerG_2014	subspecies	0.709403031240334	0.6228070175438597	0.7169811320754716	0.6386554621848739		4	375	0.7090163934426228	0.0027908953074080615
LBGM	ZellerG_2014	subspecies	0.772038354469533	0.6842105263157895	0.7547169811320755	0.6896551724137931		8	375	0.7748221466130529	0.0031376318349312106
LBGM	ZellerG_2014	subspecies	0.7952366223321992	0.7105263157894737	0.7924528301886793	0.7179487179487181		16	375	0.7862666254253017	0.004588854806842722
LBGM	ZellerG_2014	subspecies	0.8042066192390968	0.7368421052631579	0.6415094339622641	0.6938775510204082		32	375	0.7995669656665636	0.00287286887421271
LBGM	ZellerG_2014	subspecies	0.8156510980513455	0.7456140350877193	0.6981132075471698	0.7184466019417476		64	375	0.8114754098360655	0.006316209649899098
LBGM	ZellerG_2014	subspecies	0.8394679863903495	0.7631578947368421	0.6981132075471698	0.7326732673267327		128	375	0.8335910918651407	0.006445076715851218
LBGM	ZellerG_2014	subspecies	0.8496752242499227	0.7894736842105263	0.7358490566037735	0.7647058823529412		all	375	0.8388493659140117	0.006898304092002617
LBGM	ZellerG_2014	subspecies	0.6534178781317661	0.6228070175438597	0.5660377358490566	0.5825242718446602		2	603	0.6503247757500772	0.006265685244353906
LBGM	ZellerG_2014	subspecies	0.7046087225487163	0.6052631578947368	0.6981132075471698	0.6218487394957982		4	603	0.7090163934426228	0.0027908953074080615
LBGM	ZellerG_2014	subspecies	0.7723476647077019	0.6754385964912281	0.7547169811320755	0.6837606837606838		8	603	0.7748221466130529	0.0031376318349312106
LBGM	ZellerG_2014	subspecies	0.7837921435199505	0.7017543859649122	0.7924528301886793	0.711864406779661		16	603	0.7862666254253017	0.004588854806842722
LBGM	ZellerG_2014	subspecies	0.7995669656665636	0.7280701754385965	0.660377358490566	0.693069306930693		32	603	0.7995669656665636	0.00287286887421271
LBGM	ZellerG_2014	subspecies	0.8011135168574081	0.7105263157894737	0.6792452830188679	0.6857142857142857		64	603	0.8114754098360655	0.006316209649899098
LBGM	ZellerG_2014	subspecies	0.8233838540055676	0.7456140350877193	0.7169811320754716	0.7238095238095238		128	603	0.8335910918651407	0.006445076715851218
LBGM	ZellerG_2014	subspecies	0.8292607485307764	0.7280701754385965	0.7169811320754716	0.7102803738317758		all	603	0.8388493659140117	0.006898304092002617
LBGM	ZellerG_2014	subspecies	0.6497061552737394	0.6403508771929824	0.5660377358490566	0.594059405940594		2	508	0.6503247757500772	0.006265685244353906
LBGM	ZellerG_2014	subspecies	0.7086297556449117	0.631578947368421	0.7169811320754716	0.6440677966101696		4	508	0.7090163934426228	0.0027908953074080615
LBGM	ZellerG_2014	subspecies	0.7748221466130529	0.6666666666666666	0.7358490566037735	0.6724137931034483		8	508	0.7748221466130529	0.0031376318349312106
LBGM	ZellerG_2014	subspecies	0.7896690380451593	0.7017543859649122	0.7924528301886793	0.711864406779661		16	508	0.7862666254253017	0.004588854806842722
LBGM	ZellerG_2014	subspecies	0.8032786885245903	0.7368421052631579	0.660377358490566	0.7		32	508	0.7995669656665636	0.00287286887421271
LBGM	ZellerG_2014	subspecies	0.8202907516238788	0.7280701754385965	0.7169811320754716	0.7102803738317758		64	508	0.8114754098360655	0.006316209649899098
LBGM	ZellerG_2014	subspecies	0.8413238478193628	0.7456140350877193	0.7169811320754716	0.7238095238095238		128	508	0.8335910918651407	0.006445076715851218
LBGM	ZellerG_2014	subspecies	0.8441076399628827	0.7543859649122807	0.7358490566037735	0.7358490566037735		all	508	0.8388493659140117	0.006898304092002617
LBGM	ZellerG_2014	subspecies	0.6589854624188061	0.6228070175438597	0.5660377358490566	0.5825242718446602		2	251	0.6503247757500772	0.006265685244353906
LBGM	ZellerG_2014	subspecies	0.7126507887411074	0.6140350877192983	0.7169811320754716	0.6333333333333333		4	251	0.7090163934426228	0.0027908953074080615
LBGM	ZellerG_2014	subspecies	0.7742035261367153	0.6754385964912281	0.7547169811320755	0.6837606837606838		8	251	0.7748221466130529	0.0031376318349312106
LBGM	ZellerG_2014	subspecies	0.7927621404268481	0.6929824561403509	0.7735849056603774	0.7008547008547009		16	251	0.7862666254253017	0.004588854806842722
LBGM	ZellerG_2014	subspecies	0.8004948963810702	0.7192982456140351	0.6226415094339622	0.673469387755102		32	251	0.7995669656665636	0.00287286887421271
LBGM	ZellerG_2014	subspecies	0.8165790287658521	0.7280701754385965	0.6981132075471698	0.7047619047619047		64	251	0.8114754098360655	0.006316209649899098
LBGM	ZellerG_2014	subspecies	0.8385400556758429	0.7807017543859649	0.7169811320754716	0.7524752475247525		128	251	0.8335910918651407	0.006445076715851218
LBGM	ZellerG_2014	subspecies	0.8481286730590782	0.7807017543859649	0.7358490566037735	0.7572815533980584		all	251	0.8388493659140117	0.006898304092002617
LBGM	ZellerG_2014	subspecies	0.6572842561088772	0.6403508771929824	0.5660377358490566	0.594059405940594		2	598	0.6503247757500772	0.006265685244353906
LBGM	ZellerG_2014	subspecies	0.7075471698113207	0.6403508771929824	0.6981132075471698	0.6434782608695653		4	598	0.7090163934426228	0.0027908953074080615
LBGM	ZellerG_2014	subspecies	0.7825549025672751	0.6929824561403509	0.7358490566037735	0.6902654867256638		8	598	0.7748221466130529	0.0031376318349312106
LBGM	ZellerG_2014	subspecies	0.7875038663779772	0.6842105263157895	0.7735849056603774	0.6949152542372882		16	598	0.7862666254253017	0.004588854806842722
LBGM	ZellerG_2014	subspecies	0.7970924837612124	0.7017543859649122	0.6226415094339622	0.66		32	598	0.7995669656665636	0.00287286887421271
LBGM	ZellerG_2014	subspecies	0.8091555830497988	0.7280701754385965	0.6981132075471698	0.7047619047619047		64	598	0.8114754098360655	0.006316209649899098
LBGM	ZellerG_2014	subspecies	0.8342097123414784	0.7631578947368421	0.6792452830188679	0.7272727272727273		128	598	0.8335910918651407	0.006445076715851218
LBGM	ZellerG_2014	subspecies	0.8391586761521806	0.7719298245614035	0.7169811320754716	0.7450980392156863		all	598	0.8388493659140117	0.006898304092002617
LBGM	ZellerG_2014	subspecies	0.6455304670584596	0.6403508771929824	0.5660377358490566	0.594059405940594		2	946	0.6503247757500772	0.006265685244353906
LBGM	ZellerG_2014	subspecies	0.7131147540983607	0.6228070175438597	0.6981132075471698	0.6324786324786325		4	946	0.7090163934426228	0.0027908953074080615
LBGM	ZellerG_2014	subspecies	0.7754407670893907	0.6842105263157895	0.7735849056603774	0.6949152542372882		8	946	0.7748221466130529	0.0031376318349312106
LBGM	ZellerG_2014	subspecies	0.7810083513764308	0.6578947368421053	0.7735849056603774	0.6776859504132231		16	946	0.7862666254253017	0.004588854806842722
LBGM	ZellerG_2014	subspecies	0.8004948963810702	0.7105263157894737	0.6415094339622641	0.6732673267326733		32	946	0.7995669656665636	0.00287286887421271
LBGM	ZellerG_2014	subspecies	0.8072997216207857	0.7368421052631579	0.7169811320754716	0.7169811320754716		64	946	0.8114754098360655	0.006316209649899098
LBGM	ZellerG_2014	subspecies	0.8270955768635943	0.7543859649122807	0.7358490566037735	0.7358490566037735		128	946	0.8335910918651407	0.006445076715851218
LBGM	ZellerG_2014	subspecies	0.8332817816269719	0.7456140350877193	0.7169811320754716	0.7238095238095238		all	946	0.8388493659140117	0.006898304092002617
LBGM	ZellerG_2014	subspecies	0.6478502938447261	0.6403508771929824	0.5660377358490566	0.594059405940594		2	851	0.6503247757500772	0.006265685244353906
LBGM	ZellerG_2014	subspecies	0.7075471698113207	0.631578947368421	0.7169811320754716	0.6440677966101696		4	851	0.7090163934426228	0.0027908953074080615
LBGM	ZellerG_2014	subspecies	0.7754407670893906	0.6666666666666666	0.7358490566037735	0.6724137931034483		8	851	0.7748221466130529	0.0031376318349312106
LBGM	ZellerG_2014	subspecies	0.7837921435199504	0.6929824561403509	0.7547169811320755	0.6956521739130435		16	851	0.7862666254253017	0.004588854806842722
LBGM	ZellerG_2014	subspecies	0.795855242808537	0.6842105263157895	0.660377358490566	0.660377358490566		32	851	0.7995669656665636	0.00287286887421271
LBGM	ZellerG_2014	subspecies	0.8057531704299412	0.7280701754385965	0.7169811320754716	0.7102803738317758		64	851	0.8114754098360655	0.006316209649899098
LBGM	ZellerG_2014	subspecies	0.8246210949582432	0.7456140350877193	0.6792452830188679	0.712871287128713		128	851	0.8335910918651407	0.006445076715851218
LBGM	ZellerG_2014	subspecies	0.8323538509124653	0.7543859649122807	0.7169811320754716	0.7307692307692308		all	851	0.8388493659140117	0.006898304092002617
LBGM	WirbelJ_2018	subspecies	0.7384437596302003	0.8024691358024691	0.36363636363636365	0.5000000000000001		2	424	0.7270801232665639	0.008764928454924707
LBGM	WirbelJ_2018	subspecies	0.7492295839753466	0.6790123456790124	0.5454545454545454	0.4799999999999999		4	424	0.7596302003081663	0.00761212359220703
LBGM	WirbelJ_2018	subspecies	0.7557781201848999	0.7037037037037037	0.6363636363636364	0.5384615384615385		8	424	0.7569337442218798	0.00341174377390508
LBGM	WirbelJ_2018	subspecies	0.7835130970724191	0.7777777777777778	0.5909090909090909	0.5909090909090909		16	424	0.784668721109399	0.004089579709788272
LBGM	WirbelJ_2018	subspecies	0.7966101694915254	0.8024691358024691	0.5909090909090909	0.6190476190476191		32	424	0.7946841294298921	0.006399040851846114
LBGM	WirbelJ_2018	subspecies	0.8328197226502311	0.8395061728395061	0.6363636363636364	0.6829268292682926		64	424	0.8343605546995377	0.00595710902989053
LBGM	WirbelJ_2018	subspecies	0.8328197226502311	0.8271604938271605	0.6363636363636364	0.6666666666666666		128	424	0.8439907550077042	0.010254221531221719
LBGM	WirbelJ_2018	subspecies	0.8536209553158706	0.8518518518518519	0.6818181818181818	0.7142857142857143		all	424	0.8567026194144838	0.008351505546657543
LBGM	WirbelJ_2018	subspecies	0.7238058551617872	0.8024691358024691	0.36363636363636365	0.5000000000000001		2	646	0.7270801232665639	0.008764928454924707
LBGM	WirbelJ_2018	subspecies	0.7592449922958396	0.6790123456790124	0.5909090909090909	0.5		4	646	0.7596302003081663	0.00761212359220703
LBGM	WirbelJ_2018	subspecies	0.7604006163328197	0.6666666666666666	0.6363636363636364	0.5090909090909091		8	646	0.7569337442218798	0.00341174377390508
LBGM	WirbelJ_2018	subspecies	0.7912172573189521	0.7777777777777778	0.6363636363636364	0.6086956521739131		16	646	0.784668721109399	0.004089579709788272
LBGM	WirbelJ_2018	subspecies	0.7927580893682589	0.7777777777777778	0.5909090909090909	0.5909090909090909		32	646	0.7946841294298921	0.006399040851846114
LBGM	WirbelJ_2018	subspecies	0.8382126348228043	0.8395061728395061	0.6363636363636364	0.6829268292682926		64	646	0.8343605546995377	0.00595710902989053
LBGM	WirbelJ_2018	subspecies	0.8528505392912172	0.8518518518518519	0.6363636363636364	0.7000000000000001		128	646	0.8439907550077042	0.010254221531221719
LBGM	WirbelJ_2018	subspecies	0.8697996918335901	0.8518518518518519	0.6818181818181818	0.7142857142857143		all	646	0.8567026194144838	0.008351505546657543
LBGM	WirbelJ_2018	subspecies	0.7280431432973806	0.8148148148148148	0.4090909090909091	0.5454545454545455		2	968	0.7270801232665639	0.008764928454924707
LBGM	WirbelJ_2018	subspecies	0.7638674884437596	0.6666666666666666	0.5909090909090909	0.4905660377358491		4	968	0.7596302003081663	0.00761212359220703
LBGM	WirbelJ_2018	subspecies	0.7484591679506934	0.6790123456790124	0.6363636363636364	0.5185185185185185		8	968	0.7569337442218798	0.00341174377390508
LBGM	WirbelJ_2018	subspecies	0.7865947611710323	0.7777777777777778	0.5909090909090909	0.5909090909090909		16	968	0.784668721109399	0.004089579709788272
LBGM	WirbelJ_2018	subspecies	0.7966101694915255	0.7654320987654321	0.5909090909090909	0.5777777777777778		32	968	0.7946841294298921	0.006399040851846114
LBGM	WirbelJ_2018	subspecies	0.8228043143297381	0.8271604938271605	0.6363636363636364	0.6666666666666666		64	968	0.8343605546995377	0.00595710902989053
LBGM	WirbelJ_2018	subspecies	0.8397534668721109	0.8395061728395061	0.6363636363636364	0.6829268292682926		128	968	0.8439907550077042	0.010254221531221719
LBGM	WirbelJ_2018	subspecies	0.8605546995377504	0.8641975308641975	0.6818181818181818	0.7317073170731707		all	968	0.8567026194144838	0.008351505546657543
LBGM	WirbelJ_2018	subspecies	0.7473035439137133	0.8148148148148148	0.4090909090909091	0.5454545454545455		2	375	0.7270801232665639	0.008764928454924707
LBGM	WirbelJ_2018	subspecies	0.770030816640986	0.7160493827160493	0.6363636363636364	0.5490196078431373		4	375	0.7596302003081663	0.00761212359220703
LBGM	WirbelJ_2018	subspecies	0.7584745762711864	0.7037037037037037	0.6363636363636364	0.5384615384615385		8	375	0.7569337442218798	0.00341174377390508
LBGM	WirbelJ_2018	subspecies	0.7850539291217258	0.7777777777777778	0.5909090909090909	0.5909090909090909		16	375	0.784668721109399	0.004089579709788272
LBGM	WirbelJ_2018	subspecies	0.7881355932203391	0.7901234567901234	0.5909090909090909	0.6046511627906977		32	375	0.7946841294298921	0.006399040851846114
LBGM	WirbelJ_2018	subspecies	0.8235747303543913	0.8271604938271605	0.5909090909090909	0.65		64	375	0.8343605546995377	0.00595710902989053
LBGM	WirbelJ_2018	subspecies	0.8335901386748844	0.8518518518518519	0.6363636363636364	0.7000000000000001		128	375	0.8439907550077042	0.010254221531221719
LBGM	WirbelJ_2018	subspecies	0.8505392912172574	0.8395061728395061	0.6363636363636364	0.6829268292682926		all	375	0.8567026194144838	0.008351505546657543
LBGM	WirbelJ_2018	subspecies	0.723035439137134	0.8148148148148148	0.4090909090909091	0.5454545454545455		2	603	0.7270801232665639	0.008764928454924707
LBGM	WirbelJ_2018	subspecies	0.7442218798151002	0.6666666666666666	0.5	0.44897959183673464		4	603	0.7596302003081663	0.00761212359220703
LBGM	WirbelJ_2018	subspecies	0.7573189522342064	0.6790123456790124	0.6363636363636364	0.5185185185185185		8	603	0.7569337442218798	0.00341174377390508
LBGM	WirbelJ_2018	subspecies	0.7842835130970723	0.7777777777777778	0.5909090909090909	0.5909090909090909		16	603	0.784668721109399	0.004089579709788272
LBGM	WirbelJ_2018	subspecies	0.7973805855161787	0.7777777777777778	0.5909090909090909	0.5909090909090909		32	603	0.7946841294298921	0.006399040851846114
LBGM	WirbelJ_2018	subspecies	0.8320493066255779	0.8148148148148148	0.6363636363636364	0.6511627906976744		64	603	0.8343605546995377	0.00595710902989053
LBGM	WirbelJ_2018	subspecies	0.8482280431432974	0.8395061728395061	0.6818181818181818	0.6976744186046512		128	603	0.8439907550077042	0.010254221531221719
LBGM	WirbelJ_2018	subspecies	0.8482280431432974	0.8395061728395061	0.6818181818181818	0.6976744186046512		all	603	0.8567026194144838	0.008351505546657543
LBGM	WirbelJ_2018	subspecies	0.7257318952234206	0.8024691358024691	0.36363636363636365	0.5000000000000001		2	508	0.7270801232665639	0.008764928454924707
LBGM	WirbelJ_2018	subspecies	0.7661787365177195	0.6790123456790124	0.5909090909090909	0.5		4	508	0.7596302003081663	0.00761212359220703
LBGM	WirbelJ_2018	subspecies	0.7565485362095531	0.6790123456790124	0.6363636363636364	0.5185185185185185		8	508	0.7569337442218798	0.00341174377390508
LBGM	WirbelJ_2018	subspecies	0.7889060092449923	0.7901234567901234	0.5909090909090909	0.6046511627906977		16	508	0.784668721109399	0.004089579709788272
LBGM	WirbelJ_2018	subspecies	0.7996918335901386	0.7777777777777778	0.5909090909090909	0.5909090909090909		32	508	0.7946841294298921	0.006399040851846114
LBGM	WirbelJ_2018	subspecies	0.8359013867488444	0.8395061728395061	0.6818181818181818	0.6976744186046512		64	508	0.8343605546995377	0.00595710902989053
LBGM	WirbelJ_2018	subspecies	0.8359013867488444	0.8518518518518519	0.6363636363636364	0.7000000000000001		128	508	0.8439907550077042	0.010254221531221719
LBGM	WirbelJ_2018	subspecies	0.8466872110939908	0.8395061728395061	0.6363636363636364	0.6829268292682926		all	508	0.8567026194144838	0.008351505546657543
LBGM	WirbelJ_2018	subspecies	0.7334360554699537	0.8148148148148148	0.4090909090909091	0.5454545454545455		2	251	0.7270801232665639	0.008764928454924707
LBGM	WirbelJ_2018	subspecies	0.7600154083204931	0.6790123456790124	0.5909090909090909	0.5		4	251	0.7596302003081663	0.00761212359220703
LBGM	WirbelJ_2018	subspecies	0.7526964560862865	0.7160493827160493	0.6363636363636364	0.5490196078431373		8	251	0.7569337442218798	0.00341174377390508
LBGM	WirbelJ_2018	subspecies	0.7765793528505393	0.7654320987654321	0.5909090909090909	0.5777777777777778		16	251	0.784668721109399	0.004089579709788272
LBGM	WirbelJ_2018	subspecies	0.7896764252696455	0.7901234567901234	0.5454545454545454	0.5853658536585366		32	251	0.7946841294298921	0.006399040851846114
LBGM	WirbelJ_2018	subspecies	0.8328197226502311	0.8148148148148148	0.6363636363636364	0.6511627906976744		64	251	0.8343605546995377	0.00595710902989053
LBGM	WirbelJ_2018	subspecies	0.8366718027734977	0.8518518518518519	0.6363636363636364	0.7000000000000001		128	251	0.8439907550077042	0.010254221531221719
LBGM	WirbelJ_2018	subspecies	0.8567026194144838	0.8518518518518519	0.6818181818181818	0.7142857142857143		all	251	0.8567026194144838	0.008351505546657543
LBGM	WirbelJ_2018	subspecies	0.7261171032357472	0.8148148148148148	0.4090909090909091	0.5454545454545455		2	598	0.7270801232665639	0.008764928454924707
LBGM	WirbelJ_2018	subspecies	0.7561633281972265	0.7160493827160493	0.6818181818181818	0.5660377358490567		4	598	0.7596302003081663	0.00761212359220703
LBGM	WirbelJ_2018	subspecies	0.7573189522342065	0.6790123456790124	0.6818181818181818	0.5357142857142857		8	598	0.7569337442218798	0.00341174377390508
LBGM	WirbelJ_2018	subspecies	0.7827426810477658	0.7654320987654321	0.5909090909090909	0.5777777777777778		16	598	0.784668721109399	0.004089579709788272
LBGM	WirbelJ_2018	subspecies	0.7873651771956857	0.7654320987654321	0.5909090909090909	0.5777777777777778		32	598	0.7946841294298921	0.006399040851846114
LBGM	WirbelJ_2018	subspecies	0.8389830508474576	0.8271604938271605	0.6363636363636364	0.6666666666666666		64	598	0.8343605546995377	0.00595710902989053
LBGM	WirbelJ_2018	subspecies	0.8613251155624037	0.8518518518518519	0.6363636363636364	0.7000000000000001		128	598	0.8439907550077042	0.010254221531221719
LBGM	WirbelJ_2018	subspecies	0.8705701078582435	0.8518518518518519	0.6818181818181818	0.7142857142857143		all	598	0.8567026194144838	0.008351505546657543
LBGM	WirbelJ_2018	subspecies	0.7419106317411401	0.8148148148148148	0.4090909090909091	0.5454545454545455		2	946	0.7270801232665639	0.008764928454924707
LBGM	WirbelJ_2018	subspecies	0.7600154083204931	0.6790123456790124	0.5909090909090909	0.5		4	946	0.7596302003081663	0.00761212359220703
LBGM	WirbelJ_2018	subspecies	0.7573189522342064	0.6790123456790124	0.6363636363636364	0.5185185185185185		8	946	0.7569337442218798	0.00341174377390508
LBGM	WirbelJ_2018	subspecies	0.7842835130970723	0.7654320987654321	0.5909090909090909	0.5777777777777778		16	946	0.784668721109399	0.004089579709788272
LBGM	WirbelJ_2018	subspecies	0.788135593220339	0.7777777777777778	0.5454545454545454	0.5714285714285713		32	946	0.7946841294298921	0.006399040851846114
LBGM	WirbelJ_2018	subspecies	0.8374422187981511	0.8271604938271605	0.6363636363636364	0.6666666666666666		64	946	0.8343605546995377	0.00595710902989053
LBGM	WirbelJ_2018	subspecies	0.8543913713405238	0.8271604938271605	0.6363636363636364	0.6666666666666666		128	946	0.8439907550077042	0.010254221531221719
LBGM	WirbelJ_2018	subspecies	0.8567026194144839	0.8395061728395061	0.6818181818181818	0.6976744186046512		all	946	0.8567026194144838	0.008351505546657543
LBGM	WirbelJ_2018	subspecies	0.7226502311248074	0.8148148148148148	0.4090909090909091	0.5454545454545455		2	851	0.7270801232665639	0.008764928454924707
LBGM	WirbelJ_2018	subspecies	0.7577041602465332	0.6790123456790124	0.5909090909090909	0.5		4	851	0.7596302003081663	0.00761212359220703
LBGM	WirbelJ_2018	subspecies	0.7534668721109399	0.691358024691358	0.6363636363636364	0.5283018867924528		8	851	0.7569337442218798	0.00341174377390508
LBGM	WirbelJ_2018	subspecies	0.7889060092449923	0.7777777777777778	0.6363636363636364	0.6086956521739131		16	851	0.784668721109399	0.004089579709788272
LBGM	WirbelJ_2018	subspecies	0.8073959938366718	0.7901234567901234	0.5909090909090909	0.6046511627906977		32	851	0.7946841294298921	0.006399040851846114
LBGM	WirbelJ_2018	subspecies	0.8389830508474576	0.8271604938271605	0.6363636363636364	0.6666666666666666		64	851	0.8343605546995377	0.00595710902989053
LBGM	WirbelJ_2018	subspecies	0.8528505392912172	0.8518518518518519	0.6363636363636364	0.7000000000000001		128	851	0.8439907550077042	0.010254221531221719
LBGM	WirbelJ_2018	subspecies	0.8628659476117103	0.8395061728395061	0.6363636363636364	0.6829268292682926		all	851	0.8567026194144838	0.008351505546657543
